id,log_entry,flag_piece
u8J30xe7L3,XYPy0dvYPI,1auHVCpq4i
cd2GKyXVrE,8D4OsieR4i,DCQyAYzTiT
5nGOdDyDJ1,AkokQmKj04,feFgFPs8dI
Qeze3edKx6,bbx46JS6wa,neMcN6uaEW
0mSaehRSu8,W4nvH8CTaf,FVwYMogkpb
1QQCEXmwNA,PigiSyCNF8,IjAvBZnhwO
tzDv7bC7p9,yyKdc1cu2J,h0fRpGDS7P
54gnURN8kI,HfIGHlIwHK,hiHXUjrQ42
4kGxKkMx8F,x8P1RYwLYi,TwqwIplNdp
dYF1vk3tqO,DeuW0reVZc,VpWWbatvsU
10,Entry 10,FLAG{PART1}
hXBLXW5WSX,mLGbSkpmsA,WzVi9moBkD
l6eAzimLFb,5Vh7yo7MFl,fDZQqjtWes
2fTtDxZumS,7al2ITgVCR,ZisYTIR6bo
0NHZrlR8Rf,SeG1xggFVG,1yiRM1fHn0
bndQbJkOda,hcerttsKPm,oSGduS4ZGi
xQNErdJAsu,N2NHmKHnsA,z2LjmfKZlp
spkDderPU4,xUwaKXqjIw,aSGBoWLxGD
o2mMaCPWd5,IxFCUsAev8,kxAXCCh6dK
rASGeXrihP,6jOFDZJaoh,uDxctXnKHW
20,Entry 20,FLAG{PART2}
iAjrrB5QA9,RKp0teuU8w,eLWbYclD3h
j0a4Gn0gfW,XcPko030U3,CEO2yWfWuX
ej4hBTqUZw,s6d8KIL3vp,Z21xitpKUZ
oAOu7kqvKk,US9NPf3bKR,uIgvRM6H9j
HwxAK4bz70,CrumdM4WeM,rvpXeeLyOf
baZL7myeJ1,WjxDofz3Y4,wEOg43DBPE
XcMpDeCqne,E1bfJoyhz6,JX0d76lUsu
scultGU7Wz,4twEpmkLGe,4n6g3SmfYE
OBDiiJXSkd,iKZFWOp9kg,nEf84RCF1z
30,Entry 30,FLAG{PART3}
l3VVbmiD20,2biIVHGf16,He55bvTus2
fGf4ZDzF8b,DQasVxwQ2E,6bTNe4JWS2
KKx6Fp9X58,pq09i4pqnT,0aMaQWLSqh
gQ8IsziNKG,3AnGbjQAMC,6ujEWrMKuq
q9iSzpubey,4Sd4eobcRL,Kc1YoK2WlX
GNGuA1NLMZ,rSWRvum0JQ,ShP3Gi9usu
lneC4Awsl4,tOD8rW29lT,1xXVNxTcL6
wvrFuqCOZN,WlY2NxzJBx,sMpc3uQ8GE
0REem5gbTL,sOLTW22QwD,xXUeCt72j8
40,Entry 40,FLAG{PART4}
zd8OIKdq1H,Ac5AquZZzU,brW6ybxvMM
IJ6gvDWxc8,OZTICeaeHN,OwmDiDdi02
2u6Lpv90FE,s4QogpG5FF,JX804uiOBj
rIDojEP5i7,OxZHCrHmU1,JTcBtVJp4a
WVGOpwqMeI,D9xgj5Pr19,8817w2SFWp
TvzpRAwsOE,N8owCLwYrk,AH0Es7opft
QtQFzH0tEP,rEV2T8JXbx,znn3k50Ky3
QJ1ZzOouyZ,0FBwA79VAY,1aOVd5D9A5
I5QfJRrRoO,dVpHtfFfht,Q6WxtIG3Jg
M28hiu2Y5H,dUIN5cJSud,6xNB8BQnIF
lrvGGeBvZ2,NFvT2uoyT1,dqtc4crCm8
2scOfx85ds,RptY02FC9h,2NnpICcOGA
V06OE9rSjB,CErLBWXB9D,54tbyVLkaM
f7YpxIoOca,FAuORdreTO,Xs1aseQTlO
1GbxMdr2CF,SRC1bdyxUI,eG7hSbybMl
NPcuO4ukep,X8Jmlr0Ii5,YR2kV8OX7H
jtAbl9eNF7,ox54KaqALn,jqbionORIF
5Atq6QXVjS,ep9Mo3JwrL,RtpuGzxxVp
SiPNR5cPPZ,2xgf9Bmjhn,4E0Xh20F13
5MdQ8Gk8oe,O24cLQHW1c,6DEzScnRF8
Xs4On1nsNw,Dsj1oRRuVl,mYMV4xtKbh
fOVM9PTTqO,ujeJtLmoIa,IHZhf0TqSz
WC0kbEBZ37,8kh8XlX5qv,hb8w5KakXA
7HsUCJwgbH,Pz2cByplWu,pxfe9tIIu8
tt0NcHjkbi,dQnFfDvA4R,eLiKG00UK2
34c5tMY1Ca,HtfGfTI6sE,HBFsaLNM30
JWVenOOg3H,tWVw6COF14,pR0qhCLcZF
jtgVLeZAkl,KpBbK09j9q,nKwh0iBozy
F0n1k7SyYF,JfF2CmH6hK,OgEPmY7xZ9
R84ODS4J66,2VCKqXRJUV,05V9HfwDdp
endak2UBBd,xTPZGfE52b,gnhxPXdOa0
4nkzQCTlRJ,WIXFN5yOEG,ZHjgQ3auXl
0CvBOdZ6Xk,xcNorrBWBI,aB3qtF25gW
r4bzxKpe0c,4KRpS90Rti,hhEZxkuQkm
9wIj2tVstp,g0dpkNhxYX,rn6qPbpFaC
956BGdEIyA,NBcdHzGU1Q,71uZtAcFUG
VDifHLBfUO,YWpbVSdxml,58P6zu23RE
CdMfRpjrez,A2M0Ikn9VV,yTO68tClwQ
qKIm7OygPI,LPBebXQXGk,TGIEjXWB9K
iUgBydNEyg,1Q7OnWlMum,dUHtvkIWOA
8NjjbazFJh,CgDltPhMUW,PrQNjaTBw7
p7P8CKkDkY,Eggfl7egDf,RQ0DTz8RAG
9ub8FRbrc8,ofPtIS1FII,rRwRtbOHUj
FfGmZOGt9z,8Gv79LlJ7q,oSKDMV1j7L
p6UElpuKbG,2G6NkJLM8V,6fAEzgJJon
ekdjeCXNz4,3hK7qnG7AE,CaesVQFBhn
uvCQewvljt,UJ4HD8aX14,ovfvF4RMDY
eciDSTS3kG,0h2txyErRQ,9odUUQuHgi
tCZ51Tx8KS,lwLbIq3VhL,LCW6nCpvBU
pLBdaJs4FB,CaRhnhQ0Hd,GKwldW4U0p
hQDwl1LzH0,gAgidNYYUE,VYGthGAOqa
Trikg5IFCx,j0TVPdFvbo,QAYhTrtY8E
pSFryRw2YX,GQ4YgTlmut,lWpJpap4DV
lhkLsIR980,x7daTgIzLZ,azMmwazeIm
b6KNSW7zIa,Rpsil8vu1L,ZC74vFFhqs
xoNtNxK06r,nLSmDy6AV9,A4GMnmrGQm
cVDotrQkh9,VPbEp4UjRP,fJCivcgbzf
FvqUynkPDv,niv2FTZc3i,YtgsM5EiiQ
SKpBvM8aId,p6YWvL5T7K,lOmOyVlc5r
42F38xwFYw,UHjBHnFCZz,qkTvReYC1r
QdHN74MamJ,wjNnxn2BRN,tXEI2YTukn
byBw7kJ5Mw,kZAqwxHqK4,4NCkzOXqn4
gpFSFjtD4C,yNWF7Nxx1G,JOCmJAO9YI
HeIo2rWJ80,Boqvppl3sy,tYspUM8GpE
6ES5svBI6Q,UJzZg9LDZg,rlSvogo2AX
srGje0aJ2O,GlwvE0Kjcu,2JmSJz8bG6
5NyY25XKr6,ZsNpDfKJJn,S5h7dolDkW
30EzjEelvh,V72afVlr5Q,s8ltHy3P18
kyDhGtluMZ,uASLx2hXb8,fxWWcbBdfr
xUVIk2Yhlt,HmML8XOF03,akflfY8udb
P3o1JR5Uiv,zhCNtQD97h,h6RLRrvNlU
MXicKi4jk5,gzjL9rA0um,aFFfC010Ji
p9EAyLBhOl,WW0TxvUu3U,74rTqngeRO
bceTAUWth7,38SLOoJjqW,hc5w1L5Wd7
ZuGAokH1xR,Ceo1uiXQgr,o4mRpLvPkM
Sx7pK9RBz0,IQiBMGwS3m,fTlFyb5Ygc
3VS1TNVq5M,UeDnYLuy3c,uizHFME9LA
pKDzGmm3bm,70VvzWZGrT,W3qdxE7M52
C82vtiFB6C,uMjm6S5i5U,BEPH3qWiG4
U3hAPv5H6H,JoVN9ZHwTU,Vd9wpIXgd2
cZtRqMtkG1,P2w23GAutN,4AdxMwfezJ
z8icysLOoL,RloEiNiobN,g0Ha6gav0n
OyR8RMTkY0,G9MaPYc0Ww,2lYMAuNTtC
UpgP8jXi7a,RuzDgyjVJj,ikGjjcWToM
lVaoH66ObC,o8xRjkGIJG,0SZtGGzE5z
0yUxCyXbKB,v17OUdmJLa,xVUf2r6WMX
SRiDEC7VbH,SyJoaqprub,76dJSHhDoa
Mps3DzAXpz,2IGPYc1tWY,swgw3WHcH1
qmLUy8W4Yq,U121N4Ubgz,eGlHYc29mq
0Hwh8Fc7d1,5RKzA40PBn,OPG1CuEQvU
cQRpsvdHK1,u0tMmOSyBr,DGi8YZ0fCh
HSX0Ov5O0U,iAWNrWFlje,F8D0d5dqAH
G0BJNso32M,nWRxxetOOk,kzAb9Shelu
PUYcCi4jON,F3c3i27PZH,23f2ELY1Dz
Cba1Yp4PeI,asn7MdsZ08,88EO4p9WYT
LwgviJcKWJ,WGNNL1c4bN,H2ms2C5A9k
YUhNqNiIGy,PSubLpT3pV,12DUuqNfEW
n97QmFJhdm,f83aHouwth,VAIi7NzSwP
PycDSIZbKG,XtnpQJMfIn,atHIYg1fMs
kZttr69xGG,vnKW1BzynV,DwKlRRCRF3
KOCUF9hBi6,L8t8d3ht5p,zUQl1UlEx1
mtdykneuzP,e8hf8powFa,5KIFjzOA55
iUUmYEHyE1,h3GEe9666T,Aw9ECgvx2R
Kg1lEGuzVO,k1vRaZgnbo,PKz1yV8ASt
vNG8DNpluA,rjebFsTApq,lChFRx6wCD
h57zhUrEq0,ZPfrs5NaPw,hDKRy5TruN
kaP5XHTkfN,SR3wQDQCXv,0AXKFpoHvt
LabvhxJdGl,gGgXIOqn75,Vh36g1XCfv
srNfHlq8Uc,7uxkW71mwa,bmJuoBhJd9
XUJFSGhGTj,3O5vF9Pix4,JipyKTxfOn
MbNBM0jVvK,1VqgysRsmB,05r3m4lwc7
hHVqnSrejA,jNuUarAuvw,4eRcxAOIkT
hQNWo99uiX,n5B6a1rQmb,6wcVHmHhgs
45YTP0vEne,QjgvAFKauu,TuzfyJ1cIu
wnMFVzOexv,kHFFsbuIvY,VruKjf4F47
ZPCaCqx5iA,IcyPpVRVEA,0zcuRs5y7b
z1VrLlpIqj,SnxmQVCTdH,YdYP18FOqb
9HsWFiMc0q,xjSnUeoCKU,R6O0RV4FGH
yBaeMzjhoO,dSBzk4SKrB,xZqDS1Megc
kTHS0UARxV,36k4Bgj1Th,0JIVfALHu9
DCVt9ZQENu,qE59rJGejf,nIhAY2Q8JQ
ldzOysOmcT,a7QDdkWs4L,GPLcxwinLr
w9Z53IBiTn,NgM4SBtwXU,dNAQwGX4rV
JKpn3XPwJm,JI7BnUfjU0,bzvpdo1tgw
G2zSUG9HSm,WaBI3SzgNt,YBRpFG1Zyc
Svdh4haZx7,Mx6OFdwiBt,QannUkBSsK
z9uTVjiG1V,d2TzF1KrdS,QOH66Nn0xu
coeDTat7pZ,D6hKqcWUVN,V3dVTJLiGh
jjsryDbXXZ,5et7emYVAX,i0RSYUICdx
WQUeuv8W0b,wNaxPNCIuY,CtrD2ydzxM
VKTfbWb5Be,inO3KB2uVr,gmFzl4BixY
WfLvfKAMFa,zzZ48bQ6Vc,9xo7SU1cAH
Sjv0F3Ud4x,uGjEm8GLrz,0CLTS2LI8d
HQJgU0iIbR,c78zUGzMNQ,4fEbtWKDNq
Dfx9ZpjLuI,Ci7IN53KNv,LLfe8y7AHO
PzxGgPG5Jo,9PfVNbM16i,abHVRQYTnK
91qkFVBWjC,bykT6XlGCg,CyR0N76Ejm
WJOj2qpr8S,L52O1t6fi1,zw7WFYHPfx
hz8umnkIiK,BTB4y0nsdY,yOwOd301HY
AZpqNKhKO3,DTY94qOTg2,sRLZ6eiUk2
88KmS1s20b,z2ZyO4HC8y,ieBhcEeQgP
BrJV6GTXO9,F28Q6R9PBG,wkt0liZmLT
ahYsWGNqKn,9xLNl0zcEM,u1OdPIHWtc
RO6Y7fw5gF,LmniiTitQS,OlHdb3VbL8
0KxbNKxPYt,e7sR7dsS9c,3dPIaFzCOf
83nnE84RDE,QFyu3zn2lk,apDE6Ub6Uu
mdtEJKxDgH,7m98wXK1Dh,wJqeAFFS8c
dfvdoJi1uJ,4sEp1z6JV5,wzLwNn2IHk
3FGdqygO3z,ERopSBL9NR,yu6BJQdtCp
bVa4YX3KHm,QRH0lmhBpu,CBCPH8tVbD
sLYHYJlulB,46iWsV7KFa,DHxgQGQVeB
EUilXXHgiH,ai7U8c3EYq,ZPZftvCiKS
SjAiUUMigU,jel43p07D4,n1Xa5lZknw
wIjHaD6mMD,fsFWhK07SS,iq2cEL7MiZ
tFS1Tq6S0z,gQ8IeDHm4O,7O6vhoJhvc
NZorBbMLgR,uHwtRGHsIH,yhmW0bRxs2
YSfwqM9nBf,TOjKXAkxtt,Zt7cqyQHie
5m7JgC3zHN,iyZUgkMpmK,MAHDqn4BGn
gAHOMGZzyI,jE9xOLpGIv,1HmNWDPjS7
mYRkClP1hX,ZwShtrfkdK,w6Z0OLPe3b
xTjJcGsbRH,RwHRs6TxMk,zqTgS92CxA
a6OywuEVKU,zpnmVEn6uL,E8N5D2gN7x
v0VuPQhRub,vGY2FH4mBP,My5ks2vihq
Ws2zaopasJ,CiA7GGbf6q,LAS8Fx3CzI
3mnfvNxIgg,6jhZ3BntcY,d7pXOAmMTG
11GCvqyXTG,kynzaAnQKo,tHNI5kFET2
6s1sPMFp7i,9U5x65RzA8,Ef02fn4hRT
qu331NHcuv,K29BQYjA3N,0c9mFzpcPA
VY0V0Ew2Tw,9R4qikRv02,gGbPxjr305
1kZPPWdbuf,RQfuXDt4gG,2QVlsrAQ6E
SY1d2wvQah,rpv6CoNg0G,5544naCPhR
t9GL2jG1sK,bOJzFHcBYl,SgAbsNN97B
XbFbhDc0Uw,8o8GZHXPXr,YaLmUe5XxM
59cAPv3rZs,hYHOSCn588,NWS9cLSaNi
MoVf3EZtix,ZLBhmEfixK,oMKmiJcuPW
pptTMe4UOB,k0fC51gXer,jYsZY2GB51
SuT3XAtTUp,rR43rUy2iy,Tcq6YCplM0
m6Co6qFij8,ohfyiINtxr,imWVTbUuC1
5bac83rIHR,ylZk9JYwTw,psAusly1JB
9xpCOsO3XX,Dq1tjMFf9A,OmYqxbs6Eq
TqzVeaC488,MOvd0NqyhX,1u4zuFAFPy
T33BkFhbaZ,4abjTvNs6h,vJ6VTwowel
9Jv97XEMdv,V0oNJBjHEo,btx3en6REM
5lf5FkqWSg,pRc4m6InbX,jSGRwVHKFp
mApVTJN0vI,2x79pkBa1v,phoYqZHl7h
plTtqMRXgh,tw9MZzXxAg,zwwJSi2Ysp
TWo0xikuRD,RfYCTfXFVK,tNvSHLmkFR
8le9uQxVqW,9S4bxPeqpq,UyErNwDLLE
rHPcsWvM9D,XLtvI3N0EB,oUf3XSa9d4
JBaO95sJqF,Z47pIq7xQm,Dx2djwTxtn
pnpjSPnYpD,EmHrcGOZoj,Zfp3AdP4Vg
gxLsM74Aff,xQIPZzICnr,1M8nmmmovv
AUwJ8CzEij,wyavOxpyBg,z9MJH6oVjG
03oYaOGDmB,aGY76zuHv5,G1rBpUS9fw
Ov6Jwfb206,SsTBKg5wfb,65VtVHJj4I
QUR4MSV0Rx,ANmqJNWUDz,dgUsZiduGg
5B8DiCGDcS,KUxNPWNsmj,nc5ViKxpzu
r0FdU04wX7,TC72CV6eO6,QT8mvKFkHf
zQaxRQ8zLC,Dr1EFl1XCf,ZitX7zGuRX
SxLp2jueWR,WiZN7pVRvg,9pp4hhrc3K
PlaLICbJWl,yzU9kZNM17,WPzuZ3zpdE
vr9oMxJOjj,w9gkTBq8WM,jMkb5B2PER
xsz1OfvFGs,TftqNJOics,Af5pm6JdZK
Eq5SZZ0VDa,JiGYL3Y5BU,254nocherR
dYYq0tMg2n,eGqF7VHvSS,AhnqMG49GD
oXa2tjyRq7,VaJSCj0eGy,zxDXgcM0OT
7PGVLAKaki,47zUuJxoLW,sindTivoan
iR9MPRIMJe,mogToWLm5A,gs1qokiQ3y
H06tBYgoeo,NSm6Z4R72V,uIcFH5elaM
0ryls4Qgpf,raiJPj2TLM,iAGhkge87W
hFGG8TFpG7,jZ1X45vaOR,o4Cf9najAL
OdLBiUPvcP,vBFeTmrDcv,BW4hbLBfCJ
jHBm8ASb1p,Ylg28Eu2hd,lJ5DoPMmBR
i36Mru1pme,UVncVjCixN,a6xPhBB9X5
AuSeUDmHza,WXalNbLX0v,7FEk6bHnns
DonSFORsij,yW8tRjImw9,C7YNFQb9dU
rh0SjLmaLn,tcO9ZS2Hhz,CgUoj8UihW
xoRc4WoDoR,cS5eW1pkV4,KRWrjIBE3P
2EKkNTiqVi,fEcOKiDrF3,AfN0wD7hW2
X29814Qg9v,4Scgpv84KS,f83snkzM13
8APu3CppTP,WbST7IQOSc,F1cTaPwEgL
Jn4vLK6c1O,7BQDA8NDBv,vA0MBA5a2F
LJ6os090tO,VP1oD65omU,78c9YwmPEh
tlIVLVIZX9,jLUtVzNGrm,gRdeLZxkoH
aluoFYqy0N,54tZPU346F,7F2TExEj5s
qinw5B3hbk,cijmoTfYLy,JsZ5ojQO9B
az6gSEtbzN,X7d4RyLSNJ,wmifMGkGDk
79xSLeF4mk,LhrdkD9954,48gWHv8cog
3YSgbfwYc9,BFl9JqJWBR,46jqQxwS1l
ylEntPiuSw,3EJXWdusm2,RYTcKSlto6
oyAtXppl1A,Bl6Szw78al,hIw27acdI2
n1w3EKhTHT,vD28dgptwW,aGTyWkwkFD
vzPFscv0pa,p8YtrpN2ie,PEjeijeNnO
W7jZGgwDyN,ynXT8r98xF,uIXxHVm5zz
Ncr8eGPZzW,m2cUjpeXkv,pT4a604KFm
yHW0E5ddaq,CRWTs1zMMr,mZLeY6R1wo
JCQNCaGQbw,Vu9JsouQvs,YwmrL0xX9U
oOZ1EYb6Vt,GNQtgPeaHb,i3ZwPG342q
lCUvreRbmf,nQ7asdRnHo,G6vfWFucY6
1M6P2gXiWk,2I33Lk0gkj,UZdbPPcPQo
NYtm8ssPoj,kcSvZUHgb6,5bJxEPUuLm
pwz2MXtHLu,z8QczNdZ0U,4jnvQ7Ei1u
bMvhuX6nAl,eyoXxnY0i8,aJNt5QVSwe
UpYQJmxRCG,RSVJBETfbt,ycAhkt2Ki1
8WsitnULNf,3esQBGT18m,AKGJEICapK
4CqH15alTg,64BPeTA6Xn,My6cY3OS5k
mmUNMHl5iy,QSbSd2Ka8a,4jMtQq6sMR
VsaNAejzVH,uoL3EirYBZ,rUhLJ2xukK
UJoPfKtwYA,VhZz3ECopf,MHSKeGTM5O
GNwqPIoMPp,p51557kqkW,s0EcRboKZ2
OGQn7n5mri,71k4X0gw8B,CJmjSUqnHG
GcnJMY3B40,Y2S8bVlqOe,9FkYzHPuSj
ZTK4iHKs07,RlYjjYtzry,TCrDvwFuEF
B9ApUuZDLp,DVwjncCfvx,hJhY0j2Vij
b6h4MrSfKE,em6Sw23Lxj,HnCohTGRwH
EvdUuOCRjg,C2rHEsywCq,QntK10QGnN
Q4oJTdfkcv,me8VKEJxFg,ueKzOAAQwe
7DgdQG4oQS,WpckxqQruo,nzbF9bTmBh
g6XSqGrmJA,TDrRYET3Tn,WdrxExCd5W
6d8JMFV74x,XNEf5Qsxs2,x16ZYJ3rAi
ELKRZdIcvE,JHvOpniTQO,l5T2O6JqXV
4J9YXeFkGk,RhzTyOO70P,ErQtAS7eVr
hWqwQbryb9,lgnfRn6MAS,WfzCKx6ABl
KCYkIS1jqn,u7BEpFfWss,KW6DEWCYYz
cHpYIvcOzO,x9uTDCLx2e,lXBqz1uzb0
7uXiV9syHR,7hDSz0Cn7h,u7YW94Dxvv
XD2F563ADE,AGFKDUDIDK,grRtPuKKie
d4g6Vi1149,uwDOq4bZzf,NRfse32r8L
oWzInH8cLN,cZbyopdP81,jPGjch1Rek
FHpWOIul5p,uOta9ZOEPu,ufQEgdR45f
70YYUeLCDv,3NYm2MRS6z,6dvaYeeEHC
3nm0os75j4,0witEopfm9,hGGbl9sH0h
ig3j4oaE6H,R9KRPXWeLA,vENMn7ZMsC
Wqx8w25WHN,JF4kAhPxha,A2b56YDhm8
lglyvHJXfF,3DFDktahfz,YnklbLlUSP
WGYSTYufRv,cesUgcjdiV,XNwshgZkgC
qpAkdrWco7,doE4jwpmk8,7wBN3UHtHq
KpMT6uIF3U,tnXdwFRGDF,tw70WqUZKR
TNX680ySJ7,zpK95ttQpj,1SpCDuefLz
TNT4LWoz1T,0qFPK0ZxcI,a7p79AkIRt
b9iZrlBYbm,Jh4Q86MxC4,xCfPBUEfM6
T4tsqpO093,O98Zu7YYWE,dfi8e0HYnH
E3l8soKPTc,HcUatEMiUp,qps8CkxpvK
6dwBHtExZR,HnJwiAaRIJ,00wkqo63Rd
214JnZCkKu,NAidp2g53S,Etj8Qdgurf
woeefvfP9H,QOOtrtfTY0,pjUKSqRLvY
m15EVhzPt7,2yomQQ9D5a,kS1tRm27zb
mtpPSBeHd8,GdcBmj1SNz,8buRiIo5S5
Uq8CrxNYl8,GwfSm95rj1,ghtYPFiUBu
8Jsnazw8f8,dPmbJBu6Uc,svYWiSlEqE
JuAocAdQQi,DmkHSUx6DT,erwMIInE8o
QU3CUL4MoG,dKmQ231KXU,My12igZD7Z
ObPzqUWuAA,9vAzqcBIe7,66DQp2crOi
AU3gYA015x,4vPGfHLF1o,Qa4vHnzW5j
xPD7n7fjyb,WdTvhEJBMW,udITspw4de
nUlF6nhpzJ,0MLw1DMtfR,t1tx810But
Nd4O1kpDS8,fck8eWGuxu,LRaTTkJDRT
OMVc0CJJC4,S2lIctwood,Mrv7DKnDal
dZwwbpDf9J,Cu8KMedb6a,eM3QV5kx0N
aTHAm6woDy,fY3wJKHPPU,8ZEoGvy4lU
yKoSb9FuUJ,jpDdv8j1cS,kik24KQB5p
A61PqRfgqc,yMx9tJCgue,q40JdCm4ma
5X5waaJDkc,KJcPbaq2Dt,h6DtjOh363
m8APxyYuk4,04z5fmlYN1,ArfqY4tqF6
0KaTHL3lux,2Rjurkq3jY,E6bIjJD8KJ
W2cYRzDIzz,BCb9DzfmjR,HdsijCMJxF
4hKjRSZeWQ,vk54hkGRA0,aayOweh7PE
mPWR1Sl5oK,D5bbta6aG7,wewqcUQu3c
B5ZYOST9hR,dboMqKjP9A,SkFNyXvWQM
ccKxkLYty0,4VQQU4cA2e,cBaeJ03VWs
wYUcx6MNOP,S0IXCDNGkf,TBTgYEXBg8
TgriEFB3Gx,tG3yrgbRvP,ng1ZxCqI8s
wT2GyJFJUJ,XTx2eKrjL0,MbwJG0tDWD
UW3Fcn3Pld,bQga1UZFM2,eCTcq99fM5
gf009OHd2i,bSVtkZUO8h,VgRMwIvMQ9
moGwndGth4,UOZYrX35wg,uauCyz5LqE
Qsi1m0Z660,wUb1zdSQsZ,NsS299dd5x
Za5LjirWqh,7EbyP7RTMb,E4i8WWxKnb
yr57YklExT,Y7y2aGbsuu,FOvw6fn8Bw
DIaa5oHSEy,QxPoir5fJg,TEBvQKdXxu
Tx05tTDyxM,efM5kyG8a9,0pu8ynPHMD
GKwmljOjyj,Dm4qp4PlTL,hvtexuO1zc
P2sxDvSvet,Iz0LCdcFD0,4jUbly1rTj
UYoGY3Jur3,ZbSA2CqJ9D,R3tNljG2vE
kKLvBfinqs,D7GWTsvppj,t6tL2hgir4
5FElXlcQ4I,SO9liQpzrB,6LC0paIgjY
LZ7iulSgz4,f9VdOBVbB0,PwXNvgSj2C
qvJPQgcATQ,ozjICM84Ce,RFBZEa7tmC
liYxcRZCPO,2T0icoSsLd,uUbMcrLt0d
0nMzj50R6M,JciOc5Rsbt,2Jtb9JrZAj
aQtQw2BxVE,JDEADuqjV6,5WsuhDKO9E
zbjWLgF9wZ,mQh5xOK5dA,z35ic5E578
MzFKL0jHuu,Oe8mi6MmjA,P5mFH4GobD
H020xLI6PM,cPBSGDR3gw,s9ltYFP5vr
y1nWnpyr8w,KhtApR8fiP,wi2Rze4kxO
cnG3C2yMrF,03iKApGB3f,I1PBwjRTv0
wzVzX8el2J,5tUk6q3Xmn,AfQyNHGnxd
6ufs5DZgoK,0lcmfzB6Kv,dW9BQ4lguJ
wf7QHJhKRN,845oIz1mRh,QnYtvWVdUP
7OmJzab6yv,YrOkmKEXyL,M13dovB9ct
2Vwd6h8Kqr,k24kPxBEst,dHdVy0i3q9
zYEf5BOZRv,rAj9f1ujVH,1BAqJLlXlX
6cFWURCkiq,uP4qENlfCm,R25kpsRcON
OIr9hYSAr3,a2YhVhdd8c,LFWRwk54Fn
Mu1HfJscsb,EaVqOviDu1,hYHwUQ8WOE
suRol2qArB,mrmVqvaMGA,x1Koq4mdEz
ny8zpDxrp0,yUF48e2gLV,4Q69qcGH6m
px6tzUbeMP,AenUYZbsBX,NBrYFNTjz1
PADTQ6P8Hn,9DjHJlIb3g,YW8uSStpvJ
TqzEmT13bh,vo10oFxZCF,ah0RasH6ZI
hLiF3zMduC,OXgpHaDQBH,NlaPJTOy8K
A4frPmlmtk,5hfTOLWCMT,2vI8p2PNYo
ZQYwq056Rz,LsNdU3nuJk,Gwo3DKMtkS
6MbqhMfAx4,k6RwZVUalk,6TuDvq59kv
MtwQ1wLD8G,vhwyF4Ce2Z,1H9Dcjmvgy
DBRgc5DPq8,EmK1Rw4WhP,hw0x2kqERx
LpixlJW4Dn,JiQojGVqol,0NGJwIAwBW
tUPGHLchMs,C0txn9YnRh,LpgbuJTf0a
FanzaREriE,vBj6NHL3XO,TnUY2WzfH2
KGiCzItL6U,q7gEmFFE2G,zVpvTNyB0d
2OdTvgXWXc,azcoJSC6qV,3ymZpmmpcR
z70k0F52Js,krj3do5W0g,phcofaLiOZ
4HSHQRxfoO,Tkhi0mp9b2,maaW6N0stg
8UTdZvZJfi,BnjIBkq71z,yz8UMOGsY1
XO93Dg6n5y,Vciexz6KEf,cxHDJiOvY0
lWWBzefghF,HgQUOgCdIM,OdcKBnJ2Ce
ru2YYKyIfT,7G9JAvDTu7,NGOc1mzaW2
7Tr4F0a2L7,nJd4MfiajN,yyXTidp6qj
fFQhmT4zjA,dAopN9FUcO,MzU5YRK7Hm
VY42nGApzs,Gad6uYWMae,tT1v6HdI0k
SU2ddWKron,hA8jp38Vg6,uN6Pmon82n
xrE1gnU6bW,zbzH632vf4,5rcc4AUrZx
6XHH960O9d,49Ziyk0IEt,3FNE6GZG1v
widipQMRmu,vju2UccLCM,z0STxgiMAr
ju5ClIEJ5t,bA9urbn0vA,6wIzsggyNZ
TugyIVTBRH,vNH0QsnLhx,ncjAKhLT4d
Kihwo2iVeP,Ozf1gulhbB,DrXinnTzvp
T8pa2c9FNs,XYZ3j0po0C,45PZpSF7Zk
P9K4rq7KyQ,7Ttu0czvhW,QgvbIQKI3b
W2nskkNBoW,gylDLH1iEO,MqIBt3fUQU
bRL8TDgyKp,FgbAaz9xew,xnpESUZfBC
6myK6AsGRE,YjTx9Jto7B,39s1SI3Qc8
hi9DdqPlH3,xy006Dao7c,8iBG7EgZ73
EkUQW4LHXD,WQdTLOLIyI,B797LAies8
Uomwd25qoS,MxEa3P4XtH,qA0qzI4T8M
AMPI0L6Ded,G7jltlZT4T,uGSzKcOS67
NEulr2h6Gi,0Oxp5Jdo4F,ZUOrf3X1It
Q1XeJxp25n,mmupdWam3f,Ql6dFhjUKK
bVSz6W8g0h,3jB2d9GaSc,SOFWN8fmr5
hsyfXGCoi7,lzcjDHktI9,dErN427Ako
8brCL7pLfM,apRgbd4y2F,4bY69wcRyB
Fzb9K7cKIM,ZgAahtlmxT,JW7ArLHHX0
tbQaT5XzwF,rc03CaQ47S,kOhZdXpQfj
kF2KXoFKFO,wpUXhKNGri,vtmh1S8n4s
3ifVmx7rut,DDOyiyMt84,zx3X3tJIUx
RkO6eHJyJY,uKPbPnB3Df,LprSeib3e3
21tg3BswBB,ZhSuHpuJG6,qXuQ3Usq6r
cZ32qJTSyz,P5GLPKqLHd,cLHhI5U25e
PqiVdD9uSp,EP2RODakxu,oScyRaR3Uz
YwySTdyY7W,xUkl7rAHfN,t1fC67ay6L
dSPWyvKBPp,VjpfkbZQWQ,yBilzRo1V2
D2AN3gEOFc,uWcAZCOu9h,Vmb43k3yKM
f2gyZuVt7Q,n5dOF3Ra3x,3IS3MATrAQ
CcMKpUa0bn,SXG9TFC8Wh,oiBRY1U9c4
MO5JsvkU0x,0xGsfKr2AV,aMAhB3meln
UVQUv427Ft,eXQBJSjbLO,VQGxu9HGIq
dF01gz2VA0,RnJJSvjBZt,SsocbfQ9Le
wOTP9Ey304,eeQA5gW161,GYTS2h0uZi
jfLOdtPCjQ,0a56TlbaYt,5SK6IJxUg5
Bl97EGe8QE,4iNVthnnnZ,6lGxyrSrtX
cIWtqYpRTG,c2nfHnVJsj,9q9u06N2aV
L6If5qZXqP,8ZwUVqpkaR,GdqWs0Sddy
dsbpAk22XJ,2RFQRHslYl,MyfshlAAxu
otNjmePeAj,JgKvIcHhkB,pvcfllrHh4
eFjbDvrrAz,feBsIA8Mr7,96kTmz3gL5
25SkoMJRcS,a9xAyNXCKT,djhXDzXnQS
ttRVhMgVWE,bNvdlDyfL3,9qnoaQSRE3
K3WVxTRiZe,6KLbSDrYmB,Jkdcq1vvT2
Z3NELVBYez,5nf2pTPQ0r,owVop330oU
STBihCOHiP,ICXZBfKfFx,euRBNYWd8o
1D3ZmwaGx2,h475c1Re6r,TPyxiAImGZ
8I3sPIDdg3,3QAPYpDFcf,cUmDG5mrzc
AQ3Zn5ADj5,If4MuRSgYc,ti6gQtQ9eZ
2i6vVOMWHU,ekTRT7SZMK,N6fPEe8FMn
LHscaYL4ij,QbrbTttMBb,1dCo03HFKg
RBlzl1FF59,ooSsxoDN9A,vJGe9A17Kl
lQiovthirf,RMeHhXQCFD,N0oCLDPlNZ
nvEJLaNrpN,NCLbwUem9C,1pdA9vV0zj
qMDvtz7aAf,UBsehiCXNt,X2kxs4MzRv
WeiUUBMlMI,AL5P1jWbMW,OSoFNSXJXw
8ZzcPKPaDi,cb6kbp0KKv,zyAklktcq8
kbOKNfHzLW,c4u4IRkaP7,Riq1hi8Uj0
V6PCMy516d,GPY21AJY8F,fTgiJslXvZ
ZcXjjxSuw2,MAE2f0mtfy,kJae9RUwkf
AiQ1YKoqNV,joEhUJsiB6,HSGXCC9Clo
Z71J91h0Dc,U33ZOIeiq5,E7VPK31pk3
yqsNvBdINE,RQJl5vUxt0,5ELly810vd
hmgrIkxhqu,gytkSnMf4v,hnjPVOaAbn
KdDp851NFJ,Uw7QxNQ34j,89GXpIrpLR
O3WG3FK1NJ,N9Ck86tapL,23iCIR8VB7
awQsOzqRdh,2OIZDirYuD,rbENl5Xqs0
oyuScrFehW,KYnRmrjwSt,FP4jqBDC7B
HMQllcB0Zx,Z3LqT9qWkj,cRNk9NNKdX
GTLNncswXu,4rB2RdF85J,4zY0amQms5
1suG0jPsqn,43fsid9B4n,bBxnt26Y3N
ksRyxAzzo7,RkF8ttOHE9,yD9CQG7oom
CFAQrstG8a,x1nuhmGl4i,1UDjsOsO7Z
mwhXGTeVQz,Ga41MSgh78,PmZ9x9HSnw
r9VzPcEx8x,3pLxtL7x0y,01CAunwz9a
f8DxrUnJHM,pCOjIt7lfb,c5Ez8RLtVu
AG1t4LrTe6,icPsBKIpmR,oQfsMTPQMa
61cw7sOdwW,GLgA9bntnD,GfbVdK04Ph
Siy3lgVN6V,7H7gJIKxZI,seFZtmAScx
fypIvdn75a,RZuvHVoeID,U6YeMoYuqe
XonVxUYoms,YqNW7oBdaU,eDRzadwgIX
R4YmilEtM8,gGTMLTL1EV,YcH2M0iF8g
T8zNcbzaVW,DvdNXX2uwx,nW2qSEuubR
dFaGJWewdk,iyCR977kv5,wi76rcMT7g
1IzV1QPgJq,5EDyAjTuLD,ofyIcPaKFr
sNuzR64Fd4,513DURGQRW,9BD8oAk7ss
SpF7vfqOsF,g2mwHIOFxd,UrrFIPqc1Y
nGgbDqtE43,e8eB6OdvLV,76amjCghpw
UUkvnUxixn,imsNAOQ75K,n7cVfleGSk
BHvFHXiZ5z,xBou3BRBjr,lWRoBeS9lO
z9qWXrsSJP,tLh7cQlgsZ,jS7s91CRKX
k19y9VCTOd,GTk92rJUmr,LRfOh5czPo
vKO7mdQBNA,MCJvo4txrU,J5EE0nLMFw
eR1kdKNMg1,9jB6SaF7w7,itil4hD1yW
nWJFp1X2fu,cKi2jmV7lc,NvArf6xbuZ
Kdfnqgpucm,ExM2FLwU96,2Grpaly0G2
AvFSrQ7iqN,9nT9oRF3Vu,MU0DEDCbo2
5rBBLmDSXN,nt1L8oEDcp,bN6WPwMOBY
GrTfD8mwNh,yU9P5otaa9,Ww9b7AadLd
cFY2Cqcu0b,pUAxnb3yBf,tgtWmsn01N
UchYN1obQq,fCFt7bEDVc,MAf0k8e2Ol
cIQ5BXEXI9,0xdJE1GvfR,JZJP1gZo9h
crDNvB8niD,7bNWsty8QX,5089eufaX1
uRJPsTm0KJ,HM321Dhr4Y,ELRrYtN0En
mFBz16eTwu,FDGuiaJRnB,CZj4WE9ghD
V9luumTUvX,waCGXGNWQX,n44uBoi6V6
pPmKq99HWy,ZPTmQNcE2z,MNfEC2293M
JlFa3VMkXT,EB1DOJR9RG,dpLQwRch45
GKjeaFlv4o,OMJIHVYlLE,k9DKSELo8Q
iRnD1yoyIP,jeEQpmGj2V,4YyvTWnVtQ
hDFmjs2XS6,LA16fQW4Mv,SU03ddXiNa
6y7UWw4auX,JgMANUjWxD,EBBi7FtfkO
jn9vS8RWF8,T4vpAubF6K,oH6ijSyGnP
upj6vdk7et,0KIZ4mCuCV,PWEBxf8ZFS
nlPx8IDi1H,y8eaTyqHai,d8KU3jhhph
vw6d7JelDV,h8M9wwvoyu,Wq7xHe9fBj
BJ98AI9BCV,Ri834D5CuE,JqgkrDjNl6
1dlOxTsCl9,uxWVcuILKt,98ij4kDs1q
qelrF5ZE5e,HwDOTBhm3L,PA7Ygd88Or
lQBDpOmsQh,1TfJ2rbCH2,ddi7cf8Xzb
RHxTdYBHPs,0bKLjJNvpV,Pw5kEnCRXh
fmqmwlk1CD,s3YMzucKLd,wGf0HFMoed
X17LctVpUr,YMLgQqylfq,iVkhdr4VAn
41KvtEOccl,JMUQoaRvxI,OfM3x6p1g9
djHnIQYy5K,9UlnJhgiOO,VM3f8fJYpd
bMT9jnQyUP,NkRtKMSaqr,6MVunyU8IW
6a2dDNJe8J,TOM49E6E35,eMZkfr1gJJ
lAczQEAvNN,g6TDtJeBXg,WW9hfGEYA1
rcL6SCDFNb,YhrOVxgcpV,At4s1idmIN
rQCmglvIY6,5KtlI911B0,06UvB5QNkC
HBtzA5KJ5j,1bNn2QmQhI,B1F8oRqNg2
wcUaQxzXlf,SQIxOzOd2T,bxN7lfryY3
MvmI9yQ2Jj,zVDnbw1EbW,WHmz3Pff9r
jeB1qn73uV,7KrB9OpB40,DEFpj6NU2Y
AEWL8Ry0DM,BwLwAO6hmP,mzdruq6GBC
OYK84XNgEO,3OpQ0y1yZt,Nwt29wE9wL
SMt1I72LZC,j0T7lQDmRG,svka2SqIYf
6y0jcg8H71,BVrpiyvJbz,rqrYEtdM2z
14VjCPFNwO,bdzEn991IN,nplDiPGI4G
9clh0R9Hx5,mtlHmODULH,03M7ZDOm38
WGQYkuqcnI,RDgRYTyMS8,tZHKShlbP2
uEZQ21zLH8,xSXVibGMSQ,ZiDzPoC305
sxxxocJFWc,fxyf4pg97X,cQwVn3QpAo
SlLXTCg3Ia,ReIF9ov7jU,ph51550eAi
wOcqZ6GR0B,RYpCoqWf9a,uRLZpFgsl6
OMDtYXDyeU,MyqnJyvOR1,olwOQEJJ9K
9d2ggfQ0ch,GkQuD2Jbr3,zPbUvetzLh
XTNzKZ1eES,MCF3Vg3Sfr,vnzNznmjyB
695G49HQsN,xPZGo8cgoR,R9imsD3Sc7
jUueW1uIWF,FTvzktErBT,w5mP4MwjJj
rmK0nP11yo,4FVYqLqyz3,79pPUlbXBL
o2D8opiItS,c2LoY8djno,tl5AHXGqB8
ll18jRWIJi,OUwSm7LGhR,v6yLvB0aGm
gmxFyILlZy,Xc7M63kBUh,0QQXeUoBik
ghUBXgNDgH,KBaod74f8y,Yj5FHBfwwA
n16yNFfRUZ,ykf17sACo5,g49v5NaXxX
D4KWdXNdh7,AiG34EeSh5,3WsHLv71zc
TAXyoJFYmK,twFBPhTP91,6FC9HlHwUo
zkW8D9yVZQ,5zvAkjt2S0,Ai6c6ODYEq
AOfbZd67dG,duVW49ru10,aMwWq9jvNL
e0RKewwrnl,bTm32GiR50,8Z5G1wdpXf
qUzo5iJpCs,q4KIjghwTb,bv9gn3WZEw
f1FBefsm2B,JLiQOsFw33,GFnBgwjOzM
GN8BhZjB3B,9BgGOZDRMX,uUQglsMozm
koDcQMFJjR,Fb5KFchB0h,WTGUGAGqLv
cSyYVHy66p,1L2zLXAa9a,0tvwafg7l9
GrXfv0R2lQ,umFnJfxNYV,607Pk0F2HI
9SSnYYi7f0,BiA1bQLZsj,S2Lp1oYdns
aorJCYPRZE,SwQ4lu03Bz,ZGMupn7tdU
KzycAD6rGY,wlCNzJcHHM,T0ihITY64h
U5b5zrpYBK,zdTVXZs9Wd,35h5JGLuUT
mmdsygMcIa,jv1EEePsjS,g1aKcD2HFr
go1AjBhWit,3ZJNBMB1Oj,g0et1SsLzt
JJN4rhgq27,79vDtu46Zl,NVh9IWEXv5
iCjOjFljYm,6Qa2b5nhtx,sdQxFDyklm
iLK6Zqkrs6,woE79GDlPx,eK8RHaXHQC
sG0aVcBvc9,efRuGV9oln,yfurRACStP
SmeqBdRjWv,xXtD7CidKO,xTDXBmD0ID
z3262icedY,vzqxRWmPgJ,4hBQJytDjW
zVeSq1uc0g,HZMqqD3JwG,NdUwyvWqGt
sOnrbErgK2,mMsAgf5pHS,bRLlkRiMHU
qCOlDYkBVV,oGCTq29aYu,XeUONz9Oph
SaHCCLAMjX,d7a8NvWV5b,DpIlB4FgJy
H0R7y2VuMF,VlgBRZKuOD,vrrAdRl7qj
oHRcttzw0E,cgKO6fPSoc,2xFByDYKnp
at5K70iWNs,7baVjZWV0J,NL2ofKXPgM
rzeH9fbtZ7,s7saNXZNIv,lPXVHUWXt5
qOIg0jQafc,L6v3WUC7gW,efRLb9Ql01
XWZ5ecFill,URGQwx3o6h,F55O4SmJvd
JxB0n0kblM,RW7l17sA9T,Zmmy4tdVNB
Qa0ECMVFyV,iYwzhuHpoJ,HCFP6KQEAn
CQRrqQMilV,0UEGH6aYjh,1pLn3u8J01
EODpSQVFYG,6yYwHlygBM,VJccmZuBg3
Yg7srB1zaP,tLxZrLEMiE,qqqNIr3riy
r5NxZ9ZP3r,C8fdXgXxHK,mozQEtNomI
36LKKGVbOp,JtL9UMOZdF,FeeNHjWtUX
3qUHePN9w6,askIOhmhoA,qFulipo2Tf
l6UQ6yfkBp,5X6JYi7fg9,AdiRRGNTid
jYYou9s2kJ,KEb0wlnxqe,UAiEHmIj43
Qz1Nz4std1,VBqUebiJW1,eMhW9YZS8R
n1keYf4Zlu,padVGdSyjL,RKHGxFW4C5
NPuhejzPd9,xIIv3JMOhy,TZRnrfNcGt
PRGILjNIoj,3DdeTgg24r,A1SUwK6mUm
oqoaylvqqK,HK5EneyCAh,hF14uqOpV6
LVe48L4lbx,uXlOl34JDU,DoGBKPDx9t
D7wGX3ht0m,42TOoK4UGx,LRfpTNFoo9
XqsvobACWZ,GRqx8J6PYX,Se5ZWJUMHY
AnN0dRrW6e,bD1PADgdWx,5xqt5qpWty
G8kyDZTYUL,9jDS02qO6r,deX67Jguey
eI2TZEXxQa,tBKQRAaFC4,C8RNlLRh3w
FfUxzBw1pV,5eii08wyxP,LXCRDmCf5m
iEcqoX3rJM,Lzs5jCgh59,9EULxZbRQk
UkfBbpREgz,s9KCCKIxeZ,lczs5M5j4V
EJKa1J6TFa,90bqmGCu2a,xHN8zQNQ8i
zljVaKvXWc,i6O32Eoche,X9j1Uvxsb7
s8VlVHKbIi,mYovbx26aF,pMuAkufk8W
biesh4DnET,bfZ7ZnPz1F,9qzKD8z5Bm
Qc5MKeSF8P,2oaJeTM8lt,6fyFy8uZH3
HnRA5nK2gN,ZcGVIb4QXK,nHJjPLq9rz
yKfE1XEyo3,CQg8ABy080,yt0mLbYVyH
SwtYpu10V0,cLYxhLse0q,3fArrvJiXW
8n18EvEx4m,sMy0K0mV53,ZnZiveYwi3
SutRNPMoGq,5zpYaLssK9,oHRmnHwgKN
JRYiJgDxuK,XJM4kTIlvX,wt4THIcAO4
MqCUxdK0JT,lWUNKFNvou,BgyYe84Rkp
aVk2gx9n1m,R9K4qgRj2N,7XOIkj1Z3Q
zaJurNE1rL,ZvNdjYSc1F,6axezTNNWx
XxPyZ7iHXz,m095n5to2i,MgVKDUcvIX
OwafQjl3mN,kHeI4g4ug2,7AOZl4f5AI
WCS9jKHX53,jOO4ZV4y5e,eil28NyiRP
wu5MAjWogC,HnMhXXfO1h,69WJcyvYXh
lOBprTaht5,tFjZP7YuPR,LK7RHvk3qw
zFGQ8toCwf,xQfdkaVnxm,dAydzUxQlJ
YYNBcoNfsZ,e1rpy5hOt2,XzOULA4jVs
0u07P4nKiC,DXWBYzBHTp,PgsqpnV3hg
Wg4ijImGZK,YvOQtR9n7X,0o90qSiPX0
wiNcfyZxfx,yd08aXkOo6,bQm027XFjy
NAAArcPXHl,SsGJGM1mTb,c4Va0EUJUk
hH4nFcuIqt,Qj8tVzJGMq,JA1wwfVnLz
vcxTiwTReh,ElyMhCp3z1,0t7zwo1vqz
yzs51YVVoS,acwWqyQI21,jIVY4NCPAS
udYs83Id6y,W4Eh0LG1aF,IizerDvd3p
CHUi31pqiq,VXTLZ5rY6G,uuFtVVUk40
A6vZ3x8nZY,9uuf6oIXzY,eBzLLjJmL1
IC3n5nGqOw,gwgplgSqDB,UpZ9o682CY
Mv80fVjUUa,YgUA0XXovz,hXzDh5JGH3
YlkXu7srUG,PjoyNGcjNA,moSALuGKuD
3HRK1mqcEB,y39IK0b85g,yS1hu7XFkj
EsOaqkHBqk,Oy3cnt4ZWs,mZc7lMUlEM
ozOyfbem7H,HADSL9iPam,Eruqv0N8jo
USMutTTNhd,NyGlBlkoLW,bV1CGzpLuD
WJy6px2L2B,gGYfrsFu1m,lwvtCL3BRf
8Mn9Lyg7Ld,mIUCOuhMd9,w8U8A6obzY
XTYnIVxVhP,FZdMLgtbzv,QvZLe9D5yx
7GavdX1Yiw,rruYmLs9Z3,wivZG9VPvI
YZdeJ7mAF2,sB3yisdVVa,KJvZz0LTok
fdkT0SkIEa,XHyGFDK4sY,AIJnyBvyQd
GdBhGvTSDF,pZGSRLz3aa,uH3XcdoXHK
umGBZVf8jv,V8AiumME5Y,3PIye9GQhn
g3Xia9f0in,wfcHU49c4A,yao0886oAt
tlOnvyLC9p,Y2NLcTx1I5,GpPqsgObq9
KOygHd2dRg,rzVrvsZHFN,YULgeFarBF
vsdjD8pE0t,7sFmSH4kIE,Z1ovdmF3M0
ADpK5yEuAf,dTtYrTMa98,DHUgeptEz2
8D3sI9rtZZ,iXK9bpoi0k,xX8vuKOZof
t5eE0haZZL,i4EGg73bqJ,POhSVc123a
MPTbPAOEu9,J6RB03KikN,nCIQ9WYoy3
0g4f2DCuV2,tcjgjYpWVe,AhdGUChfT3
dNzka1hQ9w,vh4yDJAN2r,a2CW2VbvLn
93xbkKFZkj,ELtAxz6t3O,cb3kgofkDt
iU3dam8nGm,u3tZUIQDq1,IMlMbbJQeL
kTEQ3eTZHn,3wjvtwmGef,J6BBA05Uf6
BaW84S7bMj,u2aSM74nYd,L6p6Prg2BZ
NUl72u7YVd,4DsAM3itaL,13NDrPq0xT
Cdf8qTOZbm,tfM0kHBSof,NCXfE7X0CQ
VQZUZdjT1y,sQcc1z8Wd9,PAlPHw4qQX
vOKbkNCt0P,jjDWw0K0bq,LJHdGzLpPD
znM9iybpk9,qaLcd8zNUl,HjJeV6gIJx
W1pih5UcUa,MS4wIXWmjq,KcEch7MYu8
pDo5IQ7zvU,pcc0ShXG3A,JqDIeE6KAF
z2JnFq4t1w,eyt9zbDl17,RFwFAYyRqz
huVCuM6QjI,EENexHEHhs,Vf2v8pmirJ
uMCUjWLNIL,ELGiIVuLva,RIMjGC6lYp
s1khfgTpMA,py0941Gg2Q,gS7iM8MncT
pZsfqzc7Ah,mbJF1Eat5l,2a6Oo9abUd
TmuCuEhYNX,oOKQCwnDRo,p47JUNqv1l
wMlvHp7OB3,8Ag2h7zH7z,LvdsYtmkoB
Dpve9UyifQ,KinVWGvwpL,9Ez7TB5ddn
hPIhEmBsBQ,JLehuxRDd7,Posyfo7ejZ
gajm0Z63Ir,V4yYWAhiEB,bj9tXnUy2X
a1MBZR5pZ5,u0zv0axaJJ,SxJJrKqM3j
32vky0HQHD,AFIKToDdaj,N2quNjmAtA
WumsAWudP3,EU5VxZtpgY,5QONp4NGRf
o1oicwbgPS,hgMPxNsqAd,HT7eixaaZr
blM5UPELl0,0NSCWysSGc,RRZJfqyzQ1
Ep4bxddEsP,abcQhqGTLu,neu1M81x7y
db8SQo3FI4,E016eOU0Uv,XjOpvmk1Ze
9A0JCDfaci,c82JDMGJlP,vD40AnuHu2
YBSWW0De3u,APTB3fUXGc,ndEzjctI48
KwxyylOyON,GM1KtqMWpZ,gngOSfxoxa
Rt0ewxBpPD,J0z43qkesB,4KpMlqFAEv
TLKpBdx5dm,dSRi6kMnH7,WJIc1zTQHb
XsgjiBwjkV,uneX1aox3V,WFCTk4oxuM
n2RtY3ujtM,C1ePnVVVrC,N3yMihmZmS
L3x9V16mYD,6T0wRUf4R8,cmaLqS0bnA
la90vf88p8,XGQwf6a4xk,zdrIwBNa2c
JSkYr28Slo,Ju1Og5s6yg,mISjrlPQdj
XuuMsxLDTM,1wa79C8eGU,j912XIRgWu
q8f79ZVesm,P04nATyWfM,f8dpyvNeok
sFTMi1UVT7,D492d2ZVSm,FPPVlJzMGq
sARAy9hi2W,Eoc9c5WAzW,sQVOtwIyUm
VgjTW2i6hC,OE4XG4r77U,SnUk3ERnrN
zrYXKKZMA8,98V8CZ0sgr,w67ZSy6CND
RMOjuBaKIk,BNMzmC8YaT,XA3p6QKxpw
p6OxQaU6Zv,0GUVALLv6r,DzDavjJN2c
8bVHXxFJPH,vTsLjpjNkL,b7pgKZbMRx
oH5MJJHyli,SvqNUAJIMC,3jWBpXdmNg
10oGRHyGNg,CYJWOdjVhC,JIxaWCJuJX
aVvKdNxJwr,lNB4zbJWln,mS025egw8z
OADC2HimiI,PvhT68YiQF,NJDIwAAwaB
oS4gpZ6udX,qVeUvsdWGd,sXq5N4hsVf
dTxmy7zE4D,8dilfoBwKo,0Bkf3D9jPv
XxlQo41J4J,cBFNgz3ZuQ,lCWUhS3SeT
8gNa1mwBjN,pe0YH1qEBx,G4Nb74XGeR
GPhpGGX19F,oGoWl0Sw6T,5qpdnbdz10
s6Q2HxzaDv,NnniB4qbQ4,eplP24yzai
JOIIJK5bmQ,7lyDHYFON6,XCEyHZQwct
wWB7Zkz6uB,z4skolF1wZ,aysHNDrY0c
A5UZvLoZzd,ccft8Pf7at,2f6C5F37fZ
13NUDZ1VKw,S3tIhDISm1,YFp0YhUXLy
9jv74akaiQ,PZfeU2KQNS,fdfsU9ivVE
Nse3Ewusvx,A96vHwHl8T,iv4jzl5MiJ
KrqmHKxMpi,sjvy1Qjbmb,0o2AcqkvX5
i9T4oSP19U,AtJgX6LGNI,esiZkG1W43
jLZUSJzTNH,LAtj0dNRuR,YK18N8wd1i
o86AgdiaHb,ae26NLRxGM,AvfXpTbEG8
7PCNncDKdE,wLjbm4O92x,MvckEAPLLJ
KZNGJRKoPN,rlUi7kzOWH,TZRpdY48zh
CFGoiUysu5,78SXnZfrXB,IobBlu9LTx
bowsiZupKP,qB69PoVnoG,fRvs8weLFm
Vh5okpKfxw,tf06oTQq9k,4MftTFkNf1
OYFwOUAO4c,zs957xqKbK,0N8tidJ5oi
3mNxUeDzvH,SxOUaH5g8Z,wY2Qydebyp
GK4GThXxbp,qHSRngRJUq,5PsBmpU9s4
LBOiZx0Jwy,qI0tm5cT4u,2iT3eyFWRu
KF2iafDyL4,o7SlGR8J0X,co5Jn4LV2a
LsTm4yu0wU,LuoFFpPVjp,c8XE0RTakf
Cd1fQm26Mc,1qtiIiU4Kq,I82WtaRHk7
rsjssuzjZN,UVRGIaOg6r,3fHv6QAbLS
DLAwF2Kkm5,him5IQnwLt,bhYhYg9W71
PXPJfVxpLF,MEgnR2qM1T,5tFJuacTt6
xX8x50fgPe,kothb5ajf3,OZx5PYkkRj
X09DmMmIqo,L150oJctzi,CXtNnv6Xeo
g3DoH5clVm,asu92qBqk0,qY6hKMTT5u
wuHCxziq4G,aLQFEJgw2D,7xEiGNiKEq
S9clO8ky9l,6cofBgEq4k,jpTL23zk9y
FjGGX2Ivjz,V0xku2j4TL,634HfDfKhv
H3JZfmnzx3,n7sYsR6MHH,BvdDDIoAKh
Vt5NOnvm35,nNNVwQPEfz,mesuMnd8yW
lRkrF8bAQ5,RsoPdhZwg1,2WQP5wnvAx
ly3BDVsHeD,oHWPeYFheK,kHCgS6ZgTI
2GDaYcvWAa,VdDmJHJg0l,YmAn502VVJ
aEUbd3uOpn,pSQ14x5k33,MfvXCyNrLb
FO09KXmTAi,OmTVyqc2zB,DI8oU1TgkG
6Lu13BgbJw,QiL1omR04o,NvCscKUmvc
NXBIw6sAZI,EkF7yWzEIG,IOIQZ2Ecvr
3vkmOVLDzF,1xegsAOgUb,h5WfgcKKwV
OTvvhFWclY,XnwflpU5WT,cw0mnrzV2Q
VuS3SALW3G,9G0w52zHec,ls9p35Vg3I
DuqkLB4OWD,UxROhKZd1C,My2L2zDV9y
ki4RCXRhDz,X5AfPQ9QI2,0miKm1lSqS
w0OeqhO4Me,m8SQsKTgre,JcxMp5kwG1
v8sor1rxq3,z6WwxPZeZD,5b3EQw1nOY
6ALPmD89sr,ggJ4cDvNXZ,2LLF9e8N7b
YS6IpFaNU9,NycdxigeJF,oJxhk4m8gX
GZwyiPyRmR,AYrkJyUO07,04xwrrKFUM
7XGcPIfS6g,OtHa2O1lUE,2JBh05GYnB
rJShpIdRB0,13XFURsOD1,M4w31dNatc
rT0EhWHHYZ,6pWk2TLQtr,5CwjPos2jM
7KDaADJBmG,j52isn8Dbb,HauEYk66c8
EM6gxRlsG7,walTtVFZf5,utfqW1S4yw
zQOVG1pnzn,HkAi3ikzgP,CLHnWYjnbd
6dych9ObXs,ol3iOCD8MF,pB0rNcNEyG
gWhlogRIct,JkJwbOrj7R,bLLi9q0rbx
EVGyPZLPe5,fBZXEWaLMr,bb9eAtyrkQ
gDdvvntPl9,HdXM6VaiHF,4TQM119Kyo
1Pz3vKW6GC,a5x18gg0PQ,0ZqTPWkyNo
OpHIyS7spJ,LeQCpB9ojA,cyIZakhSYL
gXxOLgiDdV,kbD2PZdFvl,HxLqINFDOQ
ggcY9FqYce,U51gdscO63,9LuFVUsjD7
csNTPvKCWA,wZr3O5ffM7,1OTIBxooXb
6Znabz51bs,to4m97MEaK,GEHKrNXi9p
4efu33h6c7,X1HXEyuIyu,4n3JEgTlWw
fqQzcAKPVT,13qg0zYaxk,k6J7lbbIvj
zz3FoByONU,hN32783F87,k1beqGd3mn
aUSEo2QW85,g151oVvgjC,CozJojEfMB
1gqy80RwxR,3XxR72w5G9,38H2Ln2SYp
orNA3gIuTq,k0qzG98VEB,qBR4GMjzyj
xkMDyYwK4l,Y1XKMOg7t8,sS8IPfLQto
ZygY89ZmiQ,XYHr0zpQBd,yk4lcbvVmE
DCToQHemIA,ReIeERO6i8,wJ4nNL4Wni
EiQlBdvyb8,7FepUUf1rQ,XokFPo9gRv
waUL4tLRpi,13KagRaaDi,bahhCLW0B6
Bcs1LkXOL0,tNzBTrPQ8w,jElrodhXtf
b13Dl8foFe,8R9MYIh23k,cjdMD8lmwN
VpaGojD3wB,LDJFS29HvK,g7Hcia8nuo
zJEzBNiU2S,0mSxn877XJ,ep71Pe5Obb
kl94EKF4cE,6ZnCJ3NAbt,R9qmdJlwOL
T9Tgn8RLBw,JixLTp9ala,2SqpzdOSlw
bEh40kLiv6,M0ZeMtORBp,BNJEAzh9oL
5YfE0mIBsb,SrgSWJLKk5,wKGaaFIssn
IdSOshfEAx,EAYiq73O61,yiX2MfmR4d
vLwf0gZblN,8EblFPNSXe,GKreczz50Y
czpwvGOVJk,BB0asJDeks,Re7YGhjhkK
jhEo7MfdCG,H1iqz8ujuU,M35JASA1TN
DbGq5aC8Mc,RWAekqAPqh,KF9AHTFZsg
T1HH4EGo4E,q6sLrToDSI,zovYgEIMBg
e1ffZrvi71,pogRsYj04K,PRrdv8HplI
tvv4Bpeids,xt9iPEA4zS,0Xlmabaegi
V4fGl7TIYy,MOUTLl1zmn,PeLiJ48EFI
oOz9iwdWcg,SM4Yfj7QMm,mU2prd4XDk
vELwDkQ6X2,G5wiLGs7Ky,8rk84HdFPT
gDKxGQOnG0,XbsdIO5Dit,laiswDPU0o
rL9mfAiqpI,MXzzA6HzuL,9D2MWXAmqX
wGOVcOOo8b,hIW41mAi6L,763tuT6s2q
3Nht9bfvXm,vVeYlsSt2o,8XhhZHU2Ic
Xqw06z8IKH,VwxV4Dpceu,swCPWsuknq
a2OSTDX9Ag,vQmFFZK9eb,EzSFkwzIYs
p3JM07S6NX,PTqe4XBHff,tHR57s7pwV
XFtrq4cLX9,iPvctNkBBg,W10HxXcIf8
iXNi6E3mOv,jiAENdk3yc,xmkpgPEuvF
G7CrObcOH8,X03cIv0n2s,VQGUHOo7y7
yMqCVBDRYx,mVLnJWMcZp,6WOlAYZNSZ
F3JtCwmcVZ,6RgfBFRE7X,NyhsrXLFNe
kPtFBzbYrp,mFL26fpMAi,myfJIIOh14
0NEhxTqKS6,RmYEW1wzxU,j8ISWNPe0Y
phcdoCPDG0,xa1fn3KMyv,e3juVY85EB
sLHLJ59dZO,PYvAK5OZE7,H4hI112APx
DiJOu0SXJw,2Q7gHbcyeZ,W2ReDrZcKG
KEB5ETglWF,YFEs7I4fxA,E95pQrRwHI
Fhe2pa2vrf,xzyOK2uMjj,cmSiCh2hn9
eAGxuPJksK,3mdRGwurCl,Gfg3Rw9SJF
IBCTsQHvze,4CFH8lS65V,KcaCMn9WUT
tmlzpPpaGM,yMFf9doIBl,rdTvrtu7Ds
ko8qxmKNer,80GHtreyT6,I7NvwEDftz
FVRJn3IUwC,rayo9YcJY2,TRZ0ODfpkX
Li6Pa3B6Js,VSu2Xfh0ev,RsGRJUOuzE
H6rqucKUZg,R2NOHxDovL,OWjkSzT83w
DtkKGQ0wRQ,Oz5bJnOX2C,I6IYwISCFO
jZX0Pt2uML,0RQIQ895RY,8vkrfgV4a4
yFrq0RXGX1,DoWrRtlIXz,tRDnYAtLfy
lyLomM0y1A,Qyw777M0gW,4MokFUpvX9
uZnn7rBzNo,9fuA3dgmtI,zPAg7KcNZ3
lgM5PXr5uK,jkCb9jWUjQ,CObdBkMbDk
I8Q9fWxohP,3M4IPUFq5K,NfsNQRmKdu
qcjRZkc3l9,IWerRv5d8O,WEXm618ssz
ptKpG6YNdD,O8XjkMsm8x,GkWG8MhZUw
rrctm1YQko,hDwpWddBVJ,QyWpH1bGL7
mQyTP6VQOr,qLtLRWwZ6p,95vIaLVsoT
5dbuH4oCXW,XnA6wkMuAg,5uDLsHzfPv
tcD1vHEhcr,mMLUbQct9F,ef1q9KuooO
WcqE9SsJdr,ifCX5BjmN3,MZnPGZn52c
TbMcWaZO76,MalEiSmQcB,9yi8fdsWQ8
KAEwIk29Y5,aQsu0PhZ71,RZY4yw5TMH
Q92zCP47Hb,layxoVh7Be,ovUIritI6s
yrHhSfxMvb,oLoD5vvPJm,QSPVpSCL7n
5nceHz5M1f,8A60O6dGGt,FFmtYvvunj
aaGhu4HIwx,ryxngkfMPo,QmU6jNqqae
sYlTF6W5Vd,woEpDy7Gtj,037ToAqVxv
6k96x441Vv,yzZXmyvDkE,BrDdad2n3Q
QrYsF8cZEw,LRdfSGK2fB,6AgeouBeUT
zM21Csnjj0,EoS2OySl4k,FccJpqBqj5
7vxaLTZBAe,MSYEhhCNTo,EbYCDLYBr5
oKCmzxIcgf,wlV8wT1ZsL,fapcFwbNlx
yo7u5gR4Rg,lwfhFjtSFT,pCclfsNxLu
Y95u43rLve,mLA6VcJ7cp,llHmwihBHn
cUk7Nl5MrN,xZz2mZnP7b,pbvSpEF85l
vCGw66y56Y,x2L3mgdz5O,1vgsF6zqTl
xgK5eFy88n,xdRikD1kuf,3Lw1QvOM39
mVjsKgVUHc,XvopAXl4lV,g48snojChG
GpTmzEm5gB,bvcCYwyZCR,72IweCwMjJ
jjXZ8lWVTc,0H76F1PU1T,Pku7ThIkM5
lSSDR6Dkq8,LGYdxf9nhz,ucWIkfnw0S
fW37LuIEJy,SVvb7Vxv0r,GPz0bD65YA
0ykyyu4whd,LSuoRbnUYV,mAuyDXMMtN
In68GcsBNU,rBgOXr2SUj,VF0TBGQcOi
btKz3scGKN,beZUkT4AwU,hrLxwaeSHO
0RJ5V3Kt8w,9Bi1GgYOcW,uJ3TOE7cFj
5DyWtO0DtC,pQQ932Krnd,NNYNcoUQeM
5D0IWT6naS,QLM6b8VVs2,cni4Ayx5DK
pCWJ6wHMAJ,t1dflqomLG,oznVi7T52H
6rGJaoK0Wk,IWIQqgC0uC,0112ZVE2Lc
V5SLWWYhji,L3mC2i99SK,jrrp1GxOel
nvgFl8EuJ5,25YN3w0J3q,BQB3F3wWAe
fLG2Kq86Ij,ESjQeXK7Eh,1MDA8rZN7R
gL3HeZA4J7,rhgOApZCx8,NqefbeDXfT
KcU5wOl611,ZMkmO3nV6R,QVkmPAdm3t
Mlpw6ajPzb,vrbqGLLf87,zIIvKZha8g
n1jgfzVEaG,dBsAVMOoxn,0aV1mhD6tq
PbuDujLWgn,9maamprTbv,XNwBJj6fYa
9IsRuTDyz9,irNxckOXFj,9Z03XDZxQD
VuTQDGQbSc,r3s5RnMiqD,sUKVFpV7De
Cq0Zc5Xjfd,3RSOne6LS3,41hfjsIYQb
ZxPG30i8VA,2wG2bPqhlU,wyp3jf1h16
9NidoEbtL7,8HpfdM0jw4,JpCkYKu2x7
mAbEJLIC2o,BFfGy4S6r3,IN2Hy2p6Vc
0crfcGopYM,mUs7uE5QMA,g20YegvL5i
KDIfuCnw8N,nHrTVU79zl,9g4pV49sha
SzaGtGctyy,ESSRU7MaTi,1cACyvUWHD
5Ib62dCTe0,XgkSH7UNkj,IdFOr0V18q
vwsHw4V9Gn,4vIFjHhZMJ,GUNhvo8HMG
I503dbL6fP,TjM9yzGSSr,jUCrOh2hat
Q6beKj0gy1,tuBmF46TnI,Zoa1HMWBjH
v8nUT1L75T,ISorjoaJ8Y,lbRhaGK408
G9yZp5uUrq,BgbCy2xsIx,BHdXUfN0PR
JLrS2JSTBv,vnvaDiz7WJ,OA83OdtVTj
EkKvddDEyb,NJ2Tp79aZL,4IhXrtlRtz
IVMEDRh5zE,stblKstBIi,dQJkMuXGUK
UThd3y4dzV,NdbJWxelVa,B65ATgfo8N
REUlXMlv1S,Z8vMHc1xHU,25leVGl3Jh
gbxmTJkqmK,yQGYV5DYt1,UkbQXwLBpV
u8PvBuE5eM,Kl5tCcLqhM,Mco5odWfGD
eRVMuZ0clT,oWMcU12OX5,Gq4kxGkZVZ
ixCKyPReko,rBVlktKTQu,eGzS4PvGNY
YNL1jYd4MX,xy63Hr7wFx,JAJk54FQen
SMtKbTHxNC,tV7SzXrpQ1,C0u2G4DwVd
NbkKN6hkUU,rVpo8zzZOl,RQIo3I1MeK
G6G3x79Ni4,9qzqQTbnZK,03zj5P8Zca
cjNPsByZuj,HBBNJA3jQ4,5tZ9o9FpJd
pIC9NFhBCr,8kCQjxLmIV,WSsBhnwM27
JWrybUSTEs,puVyFZ9Zbn,GPdURAZjzS
eaEcx6Fr3o,18sueoFYS7,KsIHI18ZDP
dIRvvZdLhT,z6xD7JoIqo,6pGMpuP2Wr
mMOzDsoKyg,1mYg7LIO52,HHp0zXDD3F
Z3m6VSzimr,CVIDtJ1tEW,gYJo8a7s0y
u4sopdUnFj,XpI8WpZgp5,eG3E8d4ifa
2G6DTfqPHT,pZ1pn2PV3r,ycLRcZ7lh2
NVOJn7XzgB,ZeHAjVlmzV,bR9CUcAMmR
SFFnO48vVi,T3rrQ9APi6,eE5rWlfDUe
C3o38tY5MX,CQczAv06fK,EAx81v6uzw
bEaxG18mmN,HyVsp8nndk,SyKHPgmLII
mI2mTKBjFs,bTVNWmiGS8,sgSWVWcCkO
HvuAzZd6Rl,lTbc9Fd4MV,4qFS41lZnX
t0joC9uVgf,dx81LIaTkn,rQpUGFl8BI
XXASS8CvPg,sf8D0x5NxY,iGwpdp1q4K
VZHP0u9Wrv,BIrTW4y5wX,qXhlHXCYGv
5y9q56wMrT,FLoXyVPPzf,yIx5952kkH
7B2qEJMSIv,MKVkpsUu6z,Hrtj2IaKQd
teFzbCwvvH,cnVeX2RJSA,lN3q57Jzi7
DE7OGXllk3,rSAtiUcbtg,zfd0yzf53q
rW4EGpyOrF,WUwD7sQhEh,3PZPznxBW9
9RWYz5fsKr,PcXVaFVldf,XP0n1dnKZA
H4nAJVooJ3,eM1J2Fwqdl,RCBozk4K53
q96A9AyYcc,M4OCrBr8FA,nA2wVznA2U
YwiYnB48Ei,GMhuNRtSWc,zfvZfTwHqt
RQ8zAppzww,PuP24RHHFU,52bosxVIcU
IhalEa5NWn,HI6WKKE74y,PMMrQEVuGk
U840xzAVmj,FAQb8B1pgg,5bH2Kx3qU2
miLoebGmFO,sMS39rTvFO,LtLpNTrUSP
tzGv6rBn3s,pUifi5PwXU,QKR3RCgSiZ
EoF9XdvUR3,2TODFRmHom,np85ThpQgD
vLfBEPb811,lbzpxadFta,Z8mae4iSkG
RZYVFuCWXf,czoJ7WTpUJ,Oum1NCwshT
X0mKett2Zi,zMEDiSZIaT,Zp5IZvhY0f
LuNqLQ3Fq6,jwUhyrN5FL,IjwbRPiDLr
LkW2fCU0Zk,1mBM46N5XI,4jt8xCthAq
0YpK1wrvWt,pxxG4qJTlA,iEHiUS7tDm
nrPSRSq80d,FwdFdhL2SO,4F5M1Btesq
zvx0vhyuQE,1nnrOJYsws,UXaDUxRPFA
AAAEWrAYYz,ap8JQUKrLo,YfVca0vcQf
LDwxMOUG2b,TotiGTjDqt,tMRvo8ugiV
Za3vMUlAaM,t8q8GLo6A7,D6NYpfvjcy
CvVmgBiSVC,XM1v58Rcsa,pPv3X7dv1j
v5yhEM6sh3,pYhH7gBrjz,hi4pjSp30T
LvD25jCZ8k,vH8aa9TqvA,67jdSx9pbk
XNGUiIyv2D,9XW8HbknP7,Eo4fekP2HV
U2bz9na1qx,hJlIqruyTv,z3jwt3CmP3
Brzfc85GvN,ChkIo64UTY,t5wpzcMUis
YpgUiS6GMj,f9QnSJ89TI,ydOqtGk8nq
8FRLHXFaXQ,Y2uou9EpkS,YIC7oP60DW
HY69FI4Rtd,GOQeGnuP1n,UclT6Oas8h
XBPvP5YjhF,Q6ncJUQIUQ,iSO1JfPUhx
O8N9YJJGvk,MbRJAx12N9,slHWpgCFxV
iWUys8hFBP,S32Jh0gNPG,8VgvYOHJ8Z
I53PAgxTij,xLvo1pXkGg,DTzXPmC2F8
