id,username,amount,currency
nrJIahcfEL,2r5eVGXo06,PPaAinPR8s,7rGqpqDQyl
jSD0dyqW1u,pSTEKt67DT,ktymwK7y61,qXhrOymKCi
vLz4HtwXWt,aOVxnycDQ8,4ySFKS5Dnp,NLK7Lq00qY
os8o5iEF9x,px6mnDdCyX,Ac1xQshiIL,UIlsbJclDa
ow6DQnIlqF,221IKAlDoW,au1ZpIl7oH,oPqvHhH6el
h1nK47zYqb,fxxEO8MEoc,uM3PdevKyj,22IEQ4J2c4
cvbtzvjTVg,5lf4UqS9lt,QsOU9ke9ag,Kw177qTCVf
muLnAbyQUR,GNl1zPNVVB,XnIEc9B6Dd,RfvEldhpkb
uZjsHtEi3n,9ljFHHmMpY,PabnIX4391,MyEK6Os53E
n1gWP59qWe,9Ko1pXEHEN,f4TI0yquEf,CCDyfenHoS
1jB81dhZnd,0UQwv9LM6f,rgnTFwA69J,HPAH3gmEhG
VMiypsdvzv,8Ijv9cRpuu,Bx9jf7Z9Pn,Y624Ze5Z5I
8duPHzgFZe,iBLwNZSH3m,1VncZEol9P,BDNxQ6bCar
ID5VwUrwfA,1yStfJNGEw,q9lARiZWX9,iDxnL4zHh6
S1EyWU4inz,jj2xksPjti,zr5XcaMU1P,CsOnteH7lc
x1tbhqM9LQ,BgFT3XmVOr,qy7PGrjMnu,7A80wtrjbL
Ft2B8h7qg4,lU4YQpT5mE,K16w6eWXDK,mcosKhMatN
uhDFJde8AT,WqjZsd6roI,7mq658g6P2,JCwz1wWrOh
wMgxb1rLL0,hlDxMF4cpV,mKGdK79Fmy,ZW2BrNi9p7
5Eb2anTbD5,13ZMSrutdt,03C0RwF73N,46yInxHXp3
pYv8s10dCP,134s4nimPN,VFe8yk8ile,HtYLYxJ2yG
tOiNgsB6tk,JXrjJjWzTT,giWF7K89qv,62ockta2L6
DFfZY2yTyl,IJypQTiXT9,LZJUz7yEcj,0PN90fdEBt
2VB371rlvK,1JGywG7JVA,VtBREn7O7F,0KhWQS0je3
Ae8bFd83da,8roEfKMmIH,lL0AJxzcFd,GLDlX0G7k2
ZqnB2dXQQe,kbu95bi2Vi,uLqzQPpx4L,ro4gOCOkku
UYeDe10vW9,19ctJuSArF,u5XATidD19,D4CtJaM1gt
Rl5PbAq5f0,1ffARFtaXT,ILjHYyvlRz,AnFBsVvDFa
MWgoapAkgB,sk1h57wTYk,vVKryQmS0W,mObUGgYbjJ
vzNpc1BA65,VcQco0xBpm,5C1k0iaJJi,BBbCpWvEl8
VQ6SJxA9t5,UU3M9UD5js,k3uVKUSFh7,yZ38tajI0p
M1cgvODIsW,MjugtvUjUy,x2xA76Rc77,38Aov3nYxm
XoDyTIqBoh,ryLZ1gDyfB,oJkeLySwO2,Ffylym1kXm
YJlwL0dbrb,sh7taEHEZk,mzm5NGfsJ7,Zk0KDi5RDm
FMeznnIt3o,znTIymmZeK,osvrOUkyOT,SQmbg3yATQ
EUtg2WCDu5,YHFrxPQJ6P,UtFLNal2wV,WHvH7Hs6Gg
qKml76aO1i,JFu949Bp3z,6fFUGiYwKT,k4DT4ywrzg
wPScOnI0Rk,KZGKlThVB5,nyFp5xtXvu,9ADvYoDwDZ
azZVhakHPp,St4n5XcZhs,zrbRgvZkhz,fCT1q5mxwE
rlDfzG0P5b,DuhfCFghQl,bfBBvTXDiK,ZMQdikwlKC
Dni9Z6YbVG,MGCTbohx3r,e9sgeiWwez,u2MRTXxdYz
Img3IjTDvJ,nbSJhLaUfk,aijkTtaZIB,bWL5s65XPe
RnQB7HZU4H,SWu9Vdk3vx,8DRshmbSkY,y3A16f3Fmy
sfT7XZLTg3,afymaSKyuW,6byxdTgnxL,M3gdBeLIB6
OpziUvQNW1,D9WnH8Ty82,fxywUbIg2U,wqIxXbZSZj
9XbSmFfYoh,Fpi1OEXbs5,o1bXtMCaGH,JslG8zBZEG
tDWVrLv8Gp,72AUeUVFax,Sjo6QwoDmv,2qUjb5cYeT
iwpQwkcL92,2exEYUSWdb,Sc7WmxR7XL,I1TI7cGA3i
D1Y3WRJFWs,8Hc6C5JgpM,QQ8VBNXJal,TwoHUSCn0Q
ZJ0GgZ36PU,3yM53Zkx7R,LgU4IxVp2k,euw3i0pzCv
RiMeaEAssd,0Fo4QWrRfT,Ll5L7bE6dm,5pwZFCnLxF
EwShbJ2fgm,wPviVno5zl,Y2eD5YRp4y,7HMogBoTBD
lWRJ755Cj0,sNlDKDpVFA,dMlyQyJll9,1mI2N3xYeM
OwhqhmYEho,G2YdnKJjVD,Yxhq2dzIiw,5vlknueCs9
tY9ZFfXQbH,yUmiZtSN74,8ogc61Td0e,sCgCMsUqJb
Mi3fwGKQOt,J1Rb6QDYY7,aMtT6NQC2B,3a0aTngzzp
C8X1nKl0Ep,ATfRKzKyzi,gzVhm7pGFP,Hff65JWssz
hGMPmjCs6V,TYMhY2bYoi,jMGWi1EeyB,QaBW1GZwVz
TDHPJoc7BG,N7mKNBMogK,88peMD8yXw,ffNaTd38xt
I7Ccy97z96,2whoVcwSzn,GAKU9n4YoT,pbNmtpNgGZ
DK6UuCTEIM,eXDdSjDkVd,DEtZvpfLN8,N4qH1xJ4j9
PrbH607bgo,DXcqDpdn9f,gZR5uSIhHg,KXD7QBDd5T
OR3kjqURLn,jwH6mhkQZ8,YbbKXOH2jp,tLJ1QqndVO
4Pqs4tk3X6,Z56pAMCODQ,cbAPt6PG0n,S6p081vxFl
JslzGbph2f,vN0QnyCOVQ,95WyXcTBYf,7WuBukpFEA
Yq5y3Toomc,GOXDDpYxTR,44BQXWU877,YF2D2HYb8a
xfkmwTmAP0,uhaGqPCv4Y,yGlNIMNUCt,u0ENEBSH1l
xsZAYab1nU,XPmvLq2KNI,goYauGvAfd,mJpaywyngg
oYs3k2HVLN,s3n5Wj2OPF,rPtj3TcTCe,UVLagE2EvK
SptoAxUVVQ,YoJORpDqhP,uVcucBVGm3,9Dt6dfIAHQ
fTyH1CG2Qc,m6r0ZH4Qw9,y8AcnEiK6Q,onoBl2dQEd
qgtTLnZz2P,DXAd0JdXDK,q4h3SF5mFu,kzc7xNnMOv
MfuFrUSZRO,v1D8PEAzc4,sxVFTjTXkk,uCtG0tbFzM
tipeA0a3TB,WfxRWvVI4H,n0YjUSO8kd,jY9t8MFi9B
TzmCHkNlmf,BxYHZ63wYv,MDgqirZFxs,eJSXtftmVh
Okv0o7vAvt,4wiIRhL83X,gHu2IM4pjU,9Z5Sq6gd47
MoJXiIw22a,GyUtHDnmHU,rEZSexWIpL,xcwCpOUGk8
uWbqs7GG6r,15O4X1ANvT,1YxmPxelXG,OEv0NqhkiF
l954GiVLr7,Mi1RWGhGut,d7ZWdetJdF,4dY0eIFbck
cAx0SLprte,bKY2AQ6P6c,zd6Radb6H6,2EXXu1fhEj
UfTC1xEd9R,0Kr8e7NunX,fkplBwGDLY,ZDMZlOENzu
f7p7W85Ojz,o19w6QO21b,4A9M19iVG5,5c3KmTyJ3Y
C9nlPC6gGX,sJhxTmTBCD,3sckzoQe0f,717SwxQtrV
AKTjKpf9ZA,MgCMchmuns,YEmn8CSwqg,fEt6f5MaAU
TopIlTjAyQ,5PceB4Imkg,yvcY1xkmDe,JMh3W0V0pG
NmjbAp5Z06,ccqS5e4tnb,rHsevwZ1U9,u5wLPFkDQx
kAQemQ64Fk,na7AjcXX7U,B4UxlG6PMj,TBtF049AhN
cFyD2TzwUJ,w6FZywUvd4,f2h4hx1ttm,qoypf8Tdf9
hPHEsbjMQj,JV50zhp0a1,quieIwZpia,Nl6nmGF4gV
vDnfNRZVC3,JtDGJwP4Ew,ffOjxawzKK,UWUbvp3GSi
Bck3evWDoo,nVI54Cyi6Y,eqoHj9e3GN,3SgctipZbl
MaAxsfA7vt,U6RAp1UTum,oeOdFYUMYA,3LwcEeB8Ta
QWLkXbz4Ii,sQ4Rvj3njt,zXuUFvGw4P,auKMVQMrbL
leG9TfWrEH,UFtioRgXPG,1Sz1H3rCXF,ULjgoSchdb
Rg7paRMNcJ,KB56A8KSrx,fWXFZJsvR2,9XC7B7ZSO1
AwmYcSHrPN,Ofh5WianTH,UYgxTByFGR,MQLGZ46og2
0ZiZb9UpMk,MLrr5dmEzw,vusc2uKYXG,AjwMMr2KFu
Sw6Dvl96Gd,IjuFWP8Yxi,fsSGPlVUmF,Pn5XGbZJxB
H8rWZDaTjR,Ao95yD1Iuv,bkZjCQEbQx,lMRog3UdrU
8nLhOxyQ6k,bFqNeH9YwY,XJ8rKPN2wc,3q6d0d33be
CEB3q8nyjV,JSQ1jPNuNG,sqTcaD4lmI,nbcZPATPEX
jtqzY58jcH,k8eyTIGb80,nHDkQj3wDT,vNFHIyUBa3
QRwbUfAItu,V3L6CT3H5j,5FcapDqgeV,48yJVPnRG2
xnmcTmaFqT,ezfKlfG5K5,5xibWX8jLl,Lofi5Vh4kH
4Kt9CzGIMF,UT8QanPerD,hJI72A03Qu,v8anXq6rEY
b1WyGm0YMo,2O98clDbBN,h3f6s5Ui3J,QyZjQoTjWz
VwB8IdhrAP,pAxRVN4Kge,510mCUkBVU,OG9qvJPFee
AlvNX2DDOx,vtCfBmyIPh,tORi3gMFZb,j5WoyBjz7O
0GVHml8SNC,l6C3wojSv1,0BRtP60bNf,w2Xb7GXfHw
3TBM7xqOv9,bw4EeeTpNI,i1su2OJAJQ,Ty5afcPZ1F
j7Qd0UfRn0,LSQJADttoy,BfMmPezv90,8fJySDRjXP
1TLk7bglXy,ExxL8vJX5m,cf9EfY2hzM,3NwKL3eI5S
MseC3rfgLc,8OwdZF2oDE,T0so0ffOch,MUjEej3K9o
QwTW8c3pqd,pxfUpT9rtH,WhAVH2mHHI,HwVfxmE4Yd
uJZgRDgsjU,7mQIcf7TDp,MKKQCzw7si,n2Rq1F47Uq
7MlCQZCGRx,WZz6DBnxi9,BBGlAxjCrM,i0ThtK932X
rqNj3w88ho,kfyohYJIII,3aGALZqJq3,H7QiJrKQBv
phamwvja19,HLbUGoi585,NDMWU3pd5U,zxhLmMYV22
NBIFzAYlFz,P60L5tnKqD,LXme6PS2hi,Pe1N4R5oW2
2GFt651bux,BgbD7itPj1,1j3Qcc6Nyb,NwmkVn7wHJ
9edUdn5p5c,m5Rd5AE8jW,3EmwCChni6,tjOENEb2fG
aS3mHWrAFS,EICYMBDlA4,KaZlJ5r7Gi,AQfnVusJCP
YsfmjLphAY,xsj3MQiYpd,FYPQvflPyd,B7QcrIBvip
hIGlzkwJv1,Kj3iuGRcPT,LSCtJmP7a7,DobbqqpC5K
ufW5bIFci9,4BH6cJoSIr,OF58v7mi1x,z8fXfOhuZ8
6jvIZgjO0i,vtDTDNCbTw,UGly7KuUFh,qPRlG3ejke
fJnA9SKAyu,58j6YJRO8f,YeSsjfSzs7,gwClYfDKOE
kKLueTWuPd,X9vs6oT9Rr,UUxkkHfiee,XgVu20wUs9
UGsqKebywL,XSjlAHdeEe,VJq8tIhkQu,qYrf1HgcWr
SVXWG4qSKp,dBHsdBPbqH,NRAAJA6lN4,7HROWtRYlC
0xVhBEXpzM,P8pKrdzcd7,IwKwpkIonF,rgrVR2kP5d
n6aITjocvU,3g8LPXZu08,OfUkh1jGcg,GNJlqP9ifa
OStbj9Ueus,ZKVj3cKN8L,XIe7fTADo4,Qgb1Ate9ws
OKyprRZ9Yh,kknkZitkww,00G6nnNgw9,kKPHBuSWlv
SizblRNmhD,sYmv2P3EjX,jhpxKB7DWt,HZneLmbWLc
OvYPLyo72T,MlCo0J3uZR,F9VegHEjHg,FF3YpnTkBy
yjXVXJHq7J,Qrcq24woED,Za5rLE14wM,BWWruv6ejq
Wnpto5yccz,hUjGEGKC3k,eD6ZrHxWC6,PMCHwsbgCN
qBbmWbJuRj,fmw29l1m4P,pzS9GFtyDo,Hh5rIKlAmG
93mxxxlAv6,fHNWxb2Ybx,K4SQkSIIIK,SPmu7obfzH
s95UFdcdpM,bKuLFGrCgE,QHzjd8W6fd,JVu1RMf8F1
BbeL3FzqzR,6K9LnTJHuQ,HVwszxZCeI,lnmSQFlOPj
XpkeCcYdkb,XMXdEy8fvD,3kydP7Udl9,dyWaD79pQQ
cUna0wwg8S,MowRx5df2n,YnrjnYnRjz,XZEtjbEfeR
gSDAAiZziS,VqiuRrwAwx,RAIcx8BZ5r,pchc5VXJmt
takI6enkIk,lJzm5VqFAr,AoXuozOXfY,xOmncEgWqb
LgJMvEdhC5,kFo9qvnMxP,VaL8lNgGMx,MFGAnXG5a3
9I1fHyCSYm,NYxQOLbZl5,qNSz2uD97X,5DTFEDBrcH
oI3oGOQnCz,ODXk5TEnIk,7ubhRKLC6t,Ao9QDRhmFP
o7YP1n487F,4z8GVyhwi7,rGMF5QSSmM,FpN30VqUiS
TERMt2zebU,fwr0eLL0lF,6yjttNbChf,ZihlYkrsLB
xrZZDP4hYg,BBbwX9GKHU,jt5OjkVFLX,aOmHZbi6eB
NElphRfhz3,Zv0kXznFYk,5nVsXpwdgZ,rz1X3Xt318
kOFoFWLTOp,VLpnXrbFyf,WipuI8R0rw,mRxl2tZVcz
lVoZMX4OUD,loe5paBXrh,Bi7Mc7vcQM,qr0Y3Fcdhm
cT0KhWQNk3,72WQBUYPph,ukxCeBMh0x,vs3I34vCqW
uRckXtM5yO,KyZYxtsBH2,doAEAmogPv,OCNlSGWTnc
8X788fDERf,MVl8PsPio2,kgeDjCUjmZ,Puj1go9cVL
Upxyz5xrUG,V33cLAJWxo,JwbMALRn0Z,wozUyyZEuY
2wGq94ptb2,SWO0E7ugrx,p4qtZQp7Xa,uDHys1hdgu
sN3W5XWKgP,5VtY5GBMkd,RFy0G4uS53,izKgu5FywU
rjqR44E38r,0HFfgWqaIa,caPi7en2uS,mYjxIyscHm
k0pD1dY6Zm,f0BK8R6p3d,Lh1M2Ejl7g,4vQtATdcAu
7ZvWnUor0p,55eLKJSh4M,yVRInTbBQa,Xxnz4Rem2G
mOYCKZjaNF,0oqDLUybwZ,iDvmBdWS44,HNMmyTU2Fy
9PMobn355r,y5f7htrky0,rONvGHjJsS,wp0y9gRwM8
GDO7qNIAn4,WWGqvUZQBJ,ZEE0jRL1O3,nN64LGTg7j
eCQS16torK,LtTLWTmzDl,PBbkMWwDB8,7q5r2ko64k
yHOMfVGfgv,wwSzOzkVcT,wN3q9Mzvus,o9FAZ8Klib
QlTvPvxHhA,aNisxqt5cm,gH104U6PUK,Jm5AAkfdmo
ykIG1sZ8GI,9SiKivA9az,4TOj15IKZL,jHW5h75Qre
9HcdilJ8H9,BtW7x0SPxx,5hToHKeOrW,CQGCo1wpiT
N7ylsZS0x6,11NcGPijbS,JJvzPmDJqJ,YgkSns5GB5
hfQHD3553L,4YMF6HAjdV,VX2JdKruIA,RT6FSoE3uj
ECHL7OfUUn,RBOmOoiw3B,IgSWPSYiOF,liWhP64HOc
Rz2bGkMK6W,MLxDGlIgXf,pifNdju8E8,hL7eDA9thV
fR1ieUov0R,9cihFDiyy6,CqJDLSV3Qd,Ig7r5TjluB
wM1TycsD46,HNI3032Rb4,aGEJJvGI1r,YAcRKXMRkL
Z6I8odStfP,NTQdlwxzl8,jbGEOIP8XS,wbgS9vb6TP
TkbFTmtoKh,hgiSmHu7tY,Aho3EQ7yEo,6DusyXqJnl
YhgFtfOOqx,tTWAMwegVL,HE3zine1qX,9ieLD8Yi1A
tfpDycvHCO,d9IpE9s9kj,FvxUBZMrSX,JJcigPeRBA
gIoJOZSfb1,7i9xDIM2K2,sl2YNCWXCo,GflEJfKcX7
pkkEXDdScv,RATlt1r1aZ,76TMdoEy1U,5Utxb4wHrM
UXLDNTPW4e,r6EAfEHAZq,wlUMWFpgkV,lClkwf7ImS
AFPLCwa56e,f0DppjXV99,KtxHqQ9CiD,mskRHgh5y0
p3geyDwWVY,NAK0m0Xky9,PIBsZOqsFa,9wJNxd4d7c
eVFzFeVhSr,AITr7l3Dak,CLSEktvJZD,eqf5cBbCQb
2ZtYd6WWko,QTZ4Qxtidq,32U4dhcvld,2F4dv73YVD
9iHDMC8Yep,ZFuNjrjX1H,0x19IuueJu,gQZR6kKGV2
wqLmnFCYKN,2JFLfyhfNZ,ghvN4CwDMe,wMDqjp4SyB
UzbnuIhy7f,QtpH4IfFTi,6Zsafsh1dD,xjidMjG1Jp
mVL7yGGWyJ,BJGsObqPIL,ffeH6MpaDB,C62vkpeAuB
5CcxwlLFt9,mnsg38S5f3,Z1GHXTSg6B,w6VWOA2ETe
EnV09fF4fR,Af8yoVhjGq,RpA93ZUzAy,Oez2ke1sE6
miXEBjOEm3,Mt0bcuXwSy,QUM8akxLrL,voyqryKlep
MLZ8jNUrxN,5MotPurDq4,KGyBW1htdY,cZX2d2afMp
oLqDM5gByl,LOCVJObYlF,un9SZKdPOC,1ViJW6rXAM
9y7GGosRUG,mVskPZk6nP,cmml7FJVDl,BKEKj6WRhR
ylusXrAAgC,ibN03EoGUO,eXofhfDzsc,WTMF5iVeqY
zOypNHAxei,R6R4AoeQmN,3RNg4jRZFU,qNGoS9boyS
0GQ8PGDr4g,tQqwFYtMJI,XSVuawjqq4,m6JbAv2mHP
y7wwkQaX5Y,va1FEBqhmR,JZGLnSeKFE,bYIWZOZvn0
OiQ5Ghk9F1,qjmMyEhWY5,g45D32KDhL,iIscVsXiZN
Tx9bPosJcZ,48nzJnSemm,1IqyT3PBTb,ygDXPYcTRj
ee5TCbNYDu,v88YY3glcd,Svzn7mbEbM,rzKyY9PuLw
A7PkmhhILz,0UsrOFczRw,MMhWqcLt9r,9WqmhRM09A
oJTynKsslX,lGLhN7wX06,jIJf5RZFn6,W7GrDjqnAv
21UzKigMcE,uKLw77QlMg,s30rvw0xlR,Z4wFiVklae
9l9DCad4Mi,TLPAmfDozA,X7XYsxfNlz,KmUh2Y3VY9
6wPf2BBq00,mtXjOKkJEc,8n3EDuIbNR,7vEVZUhNly
ihJ7ZBJASN,UP1L3KYiBS,lal4LzHpFW,fir3aHpSVn
FPf0Jq1NvR,6pEV4SEVOQ,iaSoPQAmU4,SowhleukRv
SANfRs8qT1,NH9DLYE7Cs,F8XTpMGjNE,5ISaXhXzBk
aQVyeU1Tm3,e9m7RdouUS,IxHcPR769Z,BxecN7idtd
qLGUQXkgdg,Op4seW9jp5,jpZajl8z26,nQUymiJBUM
A8ao66IFDl,aQP7NX9rLu,KMSfe6vORC,znqS617j5L
N9iCiOPcPu,f3s8wE1bVd,L25POkT7hp,QscbkWKWtR
vvKCIhFJe0,lR0d8f1D2X,tOlXEEwXkL,MQFW4bLl5V
9QQDNQVOcG,GwXsvIeecc,niK6tIx5jz,GrseExiZqq
5NBcfftDZK,oytjlrRbHY,XRXe5G4xx5,d18BdaO6x9
ziMxM5TU4x,LJ15e1CaIe,DyzSN5hMLY,mJKXL9rSBh
hY5t7on4CU,eZjsFRavJj,8SyCtMDTLU,vjCCHy3VCH
FDhEfRbf1l,YrxiqJO7WU,siToFF1SfZ,fKI39kurNN
H3Y3AllbyJ,9ayiMLx9by,vjDRgJ9cQg,ePI1kzkyMb
cIhRPtIuLh,PdI6wgyrfm,guR9P7sY9v,tQq52Er6Yc
qgm5Vud8JH,kiiwzRBR6u,7UcAcgai1Q,E6e6ka17hy
dBCGlp66eY,msXnnQeXNR,XVJJwurKtq,FJFqSSLtvR
PZwXtXwzuG,2ifCWArgiZ,diCvfKMG4a,lATGBexPO5
KfxsAOovDJ,VzJr0b3Ubr,0O7ANmDOVi,r7IyvVqa2L
wmW6LjqXlR,KU8QrxNhlx,SDdtdu3bu0,jLQNB3wblo
ijsZzetDkf,UcnOr2hq8u,WHDSS9t1cy,kyz8a2DuNl
LcsLAwNFso,JyTPkNdue4,Sj9YvZSIKi,7cFNOvz5PS
KnkMQ7ycrY,GczZGY7wyr,kC85GqkvSa,pQPgfDHOCM
NUzpyKAQ9G,pJGNck2UdC,kIrhx8m3Lh,1WKHTzHrbb
uet7Xfxbre,ZixYe4xt9e,DOc4nIHmTA,WUDucXqR8w
rxK5XudSwb,QwDQHVG3YM,WlxfYXf2qn,ZWkwZJsdHB
MSgYFda6AU,VUYDgqeqUv,eW8FKtdCzQ,99NhcO1RdC
IpzoJnAIY7,9jak3MavPZ,fd4plP938w,24tAjQkNLA
BzeaLI34gc,GBPIY4AhXD,gw5zbUvvZp,rrhTixznwA
YOEV8zk3Qc,5KaJHAFeAa,Rra6S94CNp,e4ZFFSYV5P
20OeQqGnWo,yHTZwYdwnS,GQK7uEOxLN,gWpEdZo8Dy
sRv00VHFeU,Egl3ElIEcZ,9Z66SDGqc1,3MdObPGmFN
Cac1i5RRzw,6NPn5yCDcU,3BXNZNI8G5,MZm7aihpID
wMX5VSZBJm,Q7jb3hYmqc,tPjUpa7QfG,JfZbgDtaPk
MEAiX221w5,sXgbQtn2fB,corZQrY461,BdQTwFh6W1
EFow0oZG4H,1WDqw0nvip,eVqD6bANvC,GrYAXZPsan
3cWeKnK4HK,cMsI8ufsq9,kJlrRXUDib,3wrN9ZPkdB
6FbpeJtIjo,bgWJaeDV3h,GmkOUzIlBY,i8xWJwr35b
a3KzBGqWCH,FKu8IlfOY1,qXgy7TjAcg,Tl3zSQvUB2
NSNhZ2X5wG,xbl723zaHe,LTovve91Wr,jsz6Qb9DkP
JIAFgpwA35,DUTr6zGUY5,g9VWZHFQvG,JZMrquw5iH
IYkfBb9MPW,qeyqNH43Qk,ibqOjWgszM,L7XwcQmVOM
Oh7SZmFB6m,0ZGssjDd77,Y01ZtqY11u,PWDgkP9h8e
XncPxcUgHA,7eKfrEjvtX,WziT2oio7K,CsVpdeCcTk
Jr85n8pwcJ,o1gHTeOrCa,5tlF7JSBKa,AmmYjjg6km
MPrnu4e4Sk,RiojytFw7Z,OjchXJdWuY,AoWm54jVFu
nOp0KdcRsz,gX1ciadSyj,o7HlFpuCsy,bUF5U4e0zo
kE9gs4mHZk,slC6VZW7rR,A5Yj43Y1db,JYqLV607Sl
JFeIIi7N1z,QVBx1lJ5dD,OYLC8VzZu6,Xgy6qET0Q6
jqKWEFiILE,lqAzuXfEHS,BGpEOzp1ff,KPKTTYfsw4
p1BogGyjZA,JpqQXg9e7r,dJP4WtE628,dCK69Jo0bD
APEXK9IAu2,1RebAsycqG,ml0tmWA1yb,u9TIpIKqEF
ouO5yjy4bR,PD3WOO4xqy,JPthEfUQSB,3YDfZUBAiz
2wUztr7jPi,1K0Q3A8o8X,ssrjP6Y3EV,PgiM5Ll4fM
AlzRBzMl8M,nsrTppnTcn,Vn6xPcKLES,Nk8jg4TZ4G
1mCMmUsOZ6,4HZX0qvQ1b,R5jvM6AX1v,7q4iqSPdss
xJGWvwR3yr,FDiyurkqfI,n4sZwQeagD,kUjqyEBlOg
DsRS4ouTMC,1jEKE1rjM3,E6l6N1qm9p,CD2vgixLaR
snRV7IKrVp,crCqZbbYaM,tfpQRQR859,NtRUVBWxb3
CWBTUyKxvH,yzZYNVclJ1,qtf4Gh2jGp,Gvl7a9ONOJ
EDmsnhGxOI,Dptc6qRK0i,ARlb0SRtk0,9NTudhjJEZ
OfpHyfTgCZ,FyzC62NyG2,b8ghexBJJk,c14QBeLat9
HH2R5Qc0tg,PP2aBQBG5L,VBsrG1zgDi,2YXSdq1zcS
VT9c3ZUEv2,Kyl1uoyLpw,XQsMkbA7Gw,cqr3bXDJea
n2eL3UVijz,eS9nnkqB2m,cWMedNd9rY,P1oKvAU64N
D5Gv9ubS1N,sobCINQahZ,a16Cx1UZ1d,l9ttTUsi9z
Jccd4A65cr,X8QafqFDyZ,hkKyrnbDOy,dLV9FNjGkb
KbZKqulqLl,93lOBpk6rq,kE9gEKXCeb,aaXyq9nEd4
iEnjmvq3pC,sAOSiLVuMS,rKnCdcDzIV,1Pa0SZbjEB
lnoQxgk6fu,1QcCTe3Wcb,wW1041zkxL,d6zk9hj0QA
tBWG2F8Ynk,YIMmohqeOU,AT7vIulV4J,TUxlSBTjo6
2maHko8qSw,cZM2ifqLJB,LSchGTzL1N,OAqM9KIQBL
XJeL2I3Uik,UTBYHeSSIJ,yHI0KkYuKw,xiYS4rmimF
LSfCgzfIsA,5Rs6tGbOB0,zUi5BeXHTW,dyREx45JdS
B8AxcccaVG,E4i4f33qul,NEqyPh7cyE,0rOVo8OycX
M1XvHlJ6p0,HbkC74wsrp,Fuv5wlZqds,VAnN8nvUtp
41GSJSPs0Z,k4ZQDMAv8T,DNqr3DMK82,7efWqyY4p6
Qi04p0MqBC,ZckgiNk5e9,6jAS7HFBwy,4begc0Fwre
81b1QRCkU4,wxF3Y8BVQF,UGmG1vMRDl,9qPondjn2R
Da6LhsiZm3,bRvNcvey3c,XT7kAXYZT5,5lq2uCMvvc
iOCvq0p5kk,hdlAVrEfJx,DjzcdSE26n,rZb9rkifEU
6mSOwH84ax,cBx2F2vvkB,HesRvpbn3p,aPqZg8fgiP
M1rykcVFjR,Qlb0Yvrirv,E5qDmkBBnJ,pjDWkXS4OJ
JqxBHm1oG9,RG9onjsel0,JqdnuCjUmh,vRAgCkqkko
gfgWl2kHSP,unkX8kPf4I,G7oo66DT5t,5lvAMgc2Ki
6jfD5XXakG,I0r7thCh7E,Ug7Rr5Cc0K,mTGLIjU6vS
zuEKQyXSdT,tf2bG3VP6o,0B3yyqq32U,0NZ7UhEEo6
ulTboHaiUJ,A2ahDAUWFf,yLhUKT41PZ,fcbNcNgXMu
QcB5rOAgoi,lwotIUuol0,JQQBce3eOg,ab25YAmFmL
ZUU5KO8ySf,t2xqru1mDX,GqlqySmXfm,uvXAWxBNYg
NFDJtSxjmS,GkTGVlMQYr,1z7UUorz4J,Yzj3gw3Z6z
Zd7VzQXZXm,NVTGnWqmkH,kzLoRFHW7r,lpaB8f3uGV
P4huUmTsCU,wf5r4BIt1n,Va78JtfhMc,xUdjXwha7D
XAJjx61Z6J,ZNVLtC9jWv,kfqZDnPeHq,vvzribLM5D
BrxoF6JV2N,9bYA42aZ2k,79LUpQjlQ3,8cNWDchAQP
MlIPzJAVaD,CLhutq2Pai,5uYY2rfSUE,QGPJlhxLf6
xlMelfP2cq,OrwCaF2oGu,p0219YWeDq,3ErrClwD8t
MFFv7J0ywq,qVkXkOf3j9,PyXjRKb8ht,D8YYbJkLhM
Z9oXpiN3Xb,psqtO1Dm1J,ZOEpJjun6v,Y8dSLYPFLg
0B3SRkSdz7,dbyHOInnuQ,Sa6jKqbb3X,I9mQsU07O3
6HOjPkmLXp,Z0e1KGGAIa,KsXxBMUORp,6ecBMuj7Qn
WgLqSRwyof,bgtVP2r3Dh,gxhHpPK1wZ,5cpTR6EG1S
3KYrM4GFfb,7Bmq9mczMi,UFuiNzpuMM,RaCkSSDbbv
ut6ZrdlcJV,1DTlaWtEV9,mNHRrNn6SP,5ULrLvzI33
USkEBmlk5G,0JPoNhzte9,5mglIwN7MN,XHcmElSOM0
uPcUUUa72M,nmZ3306ZcZ,54wISastP1,nHUuT5U3fu
zWCnrm6gPB,MBaEbvHJC4,P6tNIkcmLi,SB6zu7bJA8
VuP8h1CUXt,QTq6zkF3Td,dFud74uLmi,EGHDL0BqtY
BYAsVNT5qz,8r3xeTwlOB,RdCz3To37T,LNbR2CKeWB
vFmCMaP8Fm,RmHIQqRk0m,ixhUSlMHBX,hPqS0nyfvV
Q9uZ2rVMhQ,wsrsKpWTfS,zE5x6tjomz,clmzmabu2G
2EkwLt8fwY,HJtwyE7hly,HjBAf2DRtW,Piz8KbRCXA
JyZJlROYLN,UF27SZxh4q,ebaugP9NrD,QTzJdrHgYR
JhCA81Mie3,txykw14eWs,ZrB90zZyG0,IesoBBRXOh
PrwTjndTHU,8VLxBfoYgP,VGjopWSZCu,5F7b8vz8qt
gzJtFielDf,HKhvjIEv4h,LinPUX66gi,nVp3RZs2sf
5lfzdpTgys,MRs42efVtt,eQO9Lyzs2W,OMkanUJs8P
Q0pjaU3PJY,5uS5jsZUf9,VYn83qPP8J,3UgYX9Ic95
R219PIBdxr,v8NVPujKFB,byofNUlhIb,BdKbGAD7pR
J6QEK5uMUd,bieMGvp0Ps,pzltSZSWB7,bJPR5gjxIK
iBTptZ5iRD,BAvOIlQeb4,aizYai7OQx,RFGaZsCRwA
6I2YeLwwJb,B1oR8dEflc,A94Qa3Bjru,RcnGQ4WBxS
rdvAesr5FQ,ncEbQ6QCg1,YK9oiZDrSh,ANshhUIIRF
qfI8uJOtj0,RTWSpxkvwB,KcLRjZIx74,wOFS3vLngA
ZSxItJJFVe,3alvKS4xdl,Of6z7ksstG,DXCwcx3PNe
nvos6T0xTD,EKFmPyfdBT,nrW0bJ71cY,vhTrZW5Eon
FlNUZzQeph,JenUjusx4x,YrNwDngNES,L3s4n9Rcxz
v6T139Opck,lmU4tQDzI7,QpM6J8JlyL,ytIUCCHD2N
xI1wm5m9ye,hWlhwQsDZb,y4BuWTMkHQ,3Q2pp7CR0b
IHww6A3U16,eRptGRcRxE,d5BpKavhLW,BWqFQHFmqy
oN43RSaAlw,bwBBwbg2Os,KXpgaZS4Hp,rcn8NpWs0C
2xCzRHsxqi,LcHNaT4kWx,sFDf0JM1le,aQ20Re9lN5
kbJ4h5g89j,614xQ99amu,rsgT8cDHuI,JgKwOLVevh
dvoz5AQCFe,0K1ERBtQ2j,Y9sncE7aQg,GR495MsGCU
V3taykAa3D,LEdNs3nSu2,h83DjzMJIP,CODAcauK60
eSvvFa0ZuK,JSnYOojVhy,poTeQSw2lo,RE0v4FVLb7
njtCdYOCc0,HVkwDlXi4G,xKcZYHcPcC,NakGDSPFYz
oqYMJVenHz,ZIAEteQyIA,7bwWyQwm4i,inbcwtYTR0
0cJpEqF5e4,UQc19z1mYM,tGOeDGgTui,wYfM1rW6Wd
5FDfnIlYpd,f7Ftu0Me5Q,XK4b32ohjW,PijcApM2dm
mYO1nyCltQ,ChpLM0RV68,IkmI0p6otp,KLBjp38ate
AFcGUvJQpT,GOzkcOuYuE,1VLvnouJte,NfnFZWeHfL
O1EL3lFp8z,iAlxkZimWp,GSlL5tMrET,xUPmAIgG6t
Ylyw93mbrd,4gtz3uNzu8,IzmpsXoaHt,J8v43LxG9U
nlKG1niAxJ,sCJOr3E4Ta,v5V8vUXK1h,Vx5q4wkbp0
EQLm53MfnT,pk7SYKkxru,iyJsAvOxw9,B0cvXqka5S
rUtR7sZELi,cxuLMUUYXx,JXkvSnbHiU,YgntWQm1iv
GVk79Z8cgA,0gRh4niZHn,kCkit2NYjB,FPXR0BFzrC
eCS724rjiQ,wpmzwmWyOc,4VbNk8rXVH,jr7AvKgy73
KwXxebI0kd,Q25earlVFe,ocEs9QCBqv,SkFyM920am
OTu1QJ8C7k,TYOnNdKgpM,3Xk1nxxSzk,OOIpL25Zr1
8cbgdaernt,cMqkYyKdGf,FNU6b9KW6v,1EmlvXACxE
k2rgjkLuo3,Y6kiM12wHl,WbA2UEn5c6,4I04JYDJu9
30IsGnJGCa,uUumlbu22h,Dy1PrEN3eX,IJJeCv0Z2p
6UwbInEViI,UzL7niYDYT,XZxCH2H23I,QphMxJQr2H
9ecPVX1rEx,kyRKnRk1N3,zng7do6YZ3,tBtMS49TF4
cdva18ByZV,omD2w70zhy,ulwgu2kyBa,SbcHnwf0Vp
9ygxLQF79x,NsHUWbfU4M,0MiAHxoGnR,IPpEIVxlcq
OAwOtOEBWG,045zj8J7rP,UiAE4E9Ipu,UMKr2kIK05
ijK2QFndKf,uWfLX8D1oA,c77ELgFJ3c,7vvtexZ2im
SUYcFt8Y3L,8t1GHkdFhB,ndkaKJvgjW,MRJTgDEwke
73ixuVpiFs,9ifZsDaX8p,Ql3YAlQhlS,jS18Ef5zXV
GkgVs6LmXn,5OAbCjXrzu,t6FNjDyYLs,cqW3AlTxtv
hWqipyeiL1,61TTEW9glu,RHIfFJs88s,HNmmBOx8qv
Z0QxVEiLf6,gmduSNp584,wyKEhzLGAh,iXxhWWuSUT
8FUGpVtgfU,BWZtpwoOqO,vPEmRbAqN3,O4bBYYBg99
62CuyAKTsc,ODKxLwQgdl,MWmo0FXFI5,U7FiRAjfOM
GRLGyhl6RK,rtfCIkntDx,5qn1vjgFXA,cXvx1kmPS9
fvq9rhJqCO,Rh8tex6jUL,oSga5d8Rtk,YaYHmSe5nZ
QI8Zw7aR58,YldX248r18,pAyCYUoj7p,5WVK7B63kT
UKHlrnG3Ch,WnQoECIIBo,Eze5N9zshM,2HnrgeFY0K
5vYktZ6X9r,H9RRVsszbX,aKZrkELjJD,mNTNlL0Dcp
SdokZJO7cm,rWC8OUmDrg,6uOhbVGtqc,hsktq1dBX6
jKqq0p4UxZ,GFOfcIWiIR,o04QmTBPKk,OmPjhaoHTW
ASP6kBGDJJ,V6UaqHsvUL,4a6XNE9gpm,mPvSMCVIUM
qQjMael9UN,hJ5oDKgmWa,R55jKETtun,KUF6nkyFdG
dnisR7d3sc,DV0K50GdEa,fZRHycj3fR,U1j2HG2wUF
LUzvUnzCnq,v5ZYIRF0Gu,CyuI8TXZai,AQtgrN7uXw
0w9rncgbV9,xwOGkwHMdd,h7MptvYcRE,nCgE1rFtkh
Ly4uqOhE4R,tQFVxMYLk6,TzyTAxR3kA,UCyOzYWHXH
tbALld5bHu,YU6VhLIJyf,HKqJ1iEYFI,FDHIFqQd85
M6fBNpOiyo,fPxXNmzb2P,shtd22V4eO,Yq95DExVq1
jGuD2EgfA0,hSF39ZgQMp,tYG9O7AwKu,p9glvYNQ0b
RWiso73Deo,NGK38OF80q,WOVSw6mcdn,5aJfHhZTEv
zvOiUOyL6h,AalbQqW1WM,cmZJIUFBcn,fwsH4K1umh
xOUJeeYJdj,oadbwdvvfc,iiCby8CBBb,SVX93rNj0F
KGdBp39zPt,AT1yGme8pM,x6PAxIU6o6,bxzCvgF5kR
xtQsdmxdxB,HUFJhgeqE8,REAu5DC4n6,bBGDlF9HsV
3KbpIqFqzZ,kEO0pgDKCn,nIDlf3ZJwS,CtzBzZP1aP
KW8mG0hHXA,w9JCNGuA2I,OSJrK2xh4g,pObBf6jOWr
jz9Kd2tn1e,pxFbXezCdq,GmwzNiHH5o,z3cZCvDhox
GUL0PkDX0e,iZjg1b2JlM,uRw5lfG1IO,lprTPmprsh
E6oYeahvpQ,a73NY7aiEC,SsVmaSbSTo,keq5v6RyRe
MdJwhXTXWw,AsU2ssQ4m4,U9imdFnpa1,yrDJsn42Qi
aOHkI0VmbD,eHiagQxQpG,DgZcjIzgXP,yRE99pBGIn
Kw8TRZZ2QZ,NtJsLedLLM,eVuxtp2baU,JQeV5K4sTU
YPbSupnuTO,UbNWFBGomJ,Yhzh2waTOt,ipKlJZRKZE
gjv5fMpLZU,mhLqnLCtmC,UqB6hkEOc2,abx70bdLVw
CR5UcQlU2X,KkSVQBYJ9X,Qjz99lLcuk,7Y34LUJUYf
vHe6wcyPFp,NTBgSce9W1,BupMq5Pfic,jJlLgcFI9U
pAHSZ8l2Xe,q7IPNy8dVN,du7eN43r1D,NZYBPu4tOs
6uVih70XCs,qhl1qdRteP,5MzUiYV11t,SQkug5Yg5N
901jrJTb8J,bxIXUzq9OY,c6W2cWCPq3,QEnmLWPYsd
7XNMbJMbyA,bMd3DbjryK,uO6OpMRTbK,ASa5rmaEAv
z5JPhyjmkC,G77A1wXCsb,4YtgVpcF8I,dYVfDvtskY
iKH5fZJhZV,rkOcGgPJU0,dTwarsv8pm,vCO0xao9n7
z0VaQPEDxf,6NnlO3AT6L,DSRQYZl1Xr,ETRW5z9xsc
FToSKjXk6n,hBWbReHADW,VGQpJUWTKj,MoqF48Uk5I
W2NJZC4xqM,YCLljyxERJ,hwN06Qmtax,v1HjTagM6p
jHKLm62iRr,n2USjx7pVt,uz547Ex7n1,QYc4t15TX3
82MKnXJo4A,9JAZ1GPojR,2SLRSnPBBu,YhhgnZKD6Q
KlP13ST0aO,7fwwR0ZiCu,cUBPByHI1h,ZgkkwwqkCH
NOOv3BuKzA,vhzrbqzodA,eBjvqZ7zfl,2hixzTZktN
qLTLqoyiaN,Ym5QffW0w8,s51CmKoaWR,A6Bf2yvcno
WwbgIoqar3,84tDRmQGTD,CITnryhd7G,J7CEsHkjE2
potHEXpVtp,cfXuia5vwg,1ainL81Ujl,Ss4rrOsYJU
OkxvBl0MoT,AVYI5HUnuI,DQHGHSoRL7,GMYDfKrgme
GbWHNZIdCE,YYCPPIoGMG,nsUXruPRLg,Hhvt7AknZU
jFc7WFCOpL,C9UseIXOAN,wWVxlEfMpN,HmvlM4iC8u
L0JnuGr35O,fjDEzBVWfm,LQfEY5GY62,KBcJ6ITmik
4znT84IPrx,PGhyHD8LYj,4NXT3ZOy7y,YiPHl9MoAe
m3qB4nfYgB,MwnbwCR1G9,ZKlg6NQhxT,ZCsSRhP01N
aAG98XgawH,KL6NNvLMmQ,mXDKqI5ueQ,hkxxfGTirA
ixCV8sYSXG,7EIzcyKcYF,NNSlO4rUJ5,YYeiU1qeiV
kKkIZMUj8V,OjamAsFEOZ,u2mSd4LgyT,Tm2MCjdLcD
ieixUWA0bx,B72tl0U6oG,6YyKEu41sU,ewFcoTlFrA
oT5LWKBTQR,1wtWo6OTNE,Y4tXNpPDzB,7YTxxJ8bCN
BHssnRdRLD,3Pd8Le0fcH,nyq4kq1SDE,QgyPrGgc8w
rZYJEg5aO2,sQ967srcMA,XO9d0xiI7Z,hAnJTIEE68
Z36SWq5Bbq,ae2P6Tf1Fr,aZX8R9w1T6,geMhM15GdW
EgJHqhNVPy,aC64hIC8Y3,ZIYxUq2Qo4,3jY6dU1jXh
GRmPDL1A3R,1TVZvBWhnr,mDnjUFfPwq,3zHtOGf4qo
oL05cJAoqx,DfCq3lnoBH,5VU0bie6OX,WHjYHRUC3D
L2pEUGRY3l,GhXN9uHYSj,90tH0bhvFE,y6oJm0Mjqa
gNz23SrYtV,Ks241BVCCa,v3hm3HfP0m,4O2ctBXrLO
JlXA8aebqg,jUE8oIyUNw,9Vjhp032xE,gca1HcylZ2
fyrl7Pvhpj,j4w7UAX1Bo,dox9fpkle4,Kk0f0FLOSl
Qsh8Gr6dqb,y1wEvkt9IZ,jOkau03JKQ,KcpcHQaBPJ
G08sXvpvgc,JSF2FCp1Gm,2ZQ3dwxdpq,EiaPwfx7bH
4QJpSCIL19,uXGsXXQJ7g,RGDrvbwuIp,TApYuQbWxI
0ypBL03yrq,mc1SKm5w92,BIakj1NSAn,mC4tB0gQs5
SmqCwdhuSj,KocY7ZOBap,71AKoaCkjM,yPrkumP4GM
NhDK4FWGY1,gBNqbDWru9,i2aBZk9XjE,4J4qKW5hsN
i2RTW6JIaU,oe0GWw4uKp,5LuDMEWdw8,N2PYfx7bA9
jnlOlHa8Od,VSgHVEifFs,XhRaNVpPYB,rb8scd4eJh
dj4mfaBl2r,MbXersiBqr,83SWmXWfxT,r3iDY87MRO
vLJ0eXnZNB,aFicOVp9dY,JoJtTfKqQC,isEtdJz1Wb
JRTE9pA3dJ,XWMkrnXFyg,ERTi3U5Mpv,p35sdytgvr
NQcHJ5ZUla,yGIJHKuuRv,DPDaQ01MFm,uvbfJbaGkk
kosjqR7PAv,AOpRKJdGSj,Wajpa7SrGA,SFx68m8kd2
xS5g5X9euF,zQ2QbORoNF,BvlTxygWpk,FoxwpEMzNR
SEY7cjLon2,a6g0ALI3S4,vG6rp6Fk7Q,KgeOjWhBPp
YaTqlE41CD,zvfOm4lyWn,s2PwNrZgCm,P87H9VLapN
6s0q5ptMUE,yXU0mTGk7H,hxVdOOP1y3,dVZOUOWVdH
aK2KNpXvYM,9SRYVz2i6g,CCn9ciKqDV,PEW79TZJO9
p0HPH7jfK4,sIRCicupks,k8lOoeRVOU,fURF7gZK2V
BvfsIooldb,QLxhKyVnpL,H0bWHMjS5a,9wFJs8PR63
Yp6LMqKNo9,WSbrcWYpeU,OXF5JR0R0C,4zAgeSr30A
yl94O52ld1,FB32hq6skB,iGIkq9jV5E,A6U0dQSRaF
5WnZHmdVq1,v77mU7TcUY,CSBZlsvTgz,TduYQMGzbn
o5kfEfY8Ot,9I0cbDSAOW,WUjnObCKdA,SPBAHWccAG
ooZjKPtf3h,u6WK6llsBh,K0RA67D4QU,RP5l9QDzaR
xE1L4eBvkU,MzTyi6LFio,c7ejTUItqE,JZNRjK6w7i
LrCG4uH1qF,KKfLXpyIYU,WSapIWjWIa,uq2gtpxy78
NkqDTWi991,pDVx70RFvW,8qXuu8Sn2j,SxmCabC9fF
NOBUTdHEln,RYvP7XBHQw,huNnb8cNKs,FkA8T6gQKK
jehR3zdswi,v0JkvUh52w,vSiweQJ3zF,BZWQC6ahWR
uSMIwLKTgr,PZUU7dNDpb,jXqsSgopvV,mK577y6KmJ
3VwdMCGLFS,ZMNWtMJqtu,2EleDDPg3B,nTtFg3JQXS
OaCiZJezNI,9Mst3H3oet,IksIBOhSd1,HJAFmRCt24
Wz3HqRgIQi,aujLwoup3k,7e9cET5jap,EC2oE988Q7
zHSWEzxADF,27spLFLLZT,VqpXctMZXp,fm8p5T99oL
tNFpN3r530,2PgrySsCTl,TBdCKmHnzK,Zhq4CI3cqA
izcKEY1EgK,DlA5zE6dnv,3ckMJ0myxu,wUJBnCP9l2
a1Sb1uTNc3,C5lfQXcORH,D3jpIZbPNM,f1v5TJuTWP
IOQSnIbTFQ,3J63cgxPse,qiBUvXpo84,ilASMTEx0L
gLT59KWYKW,OPG2LqQftm,yFkcdVFHA7,HwE4v6c2Vw
FZquJgBsb5,xouDhNr16p,uxPpV4txv3,GpQC4YFJWv
iqPQVI7ums,ggalDUeuJg,AZZoLutQV3,goLWDwgyt6
gKd9KfOAin,5BAmncHMv0,MAziTFskp2,F7YSd2PSZ5
JSLwFz2LjG,T6nTq2dqRg,4veQEdgUKo,YYqvpSRSA5
Phoip2fw7w,UyDdFYAvPI,0AWtwVm1Er,rBmDE9HS9S
JHtwRikhOW,iiZuQEssZQ,QAP7itOse4,1kK7qhZxUt
AuPGtrL95R,JTEkQvZD6q,j6xoU7prm4,SLKgZnh8RS
njK3CuY4Om,fkFgYThZSZ,4epydwk9Ca,ettRbGmHJS
4w0ki1LI8O,ca9PPE2Lo0,bTgmmqL9Zn,t1dtGf4p6y
QWpg2jIA5S,uk8TtJgxXz,foqgAJLWD5,HMSZ8hdx6r
pWpczn6AOb,QM0GeOIluR,SHJ20G5CkT,Odv8FObPR9
fuU61qWu6Y,GL8JunVtaN,0cR2BMMN3d,IrvHWZBr3h
1UjXVWqEIx,wU6sK0Xmev,SFo736tQJP,iIHNfmUnMG
0pdVjnCrqB,VY3RDwvUYe,2wainXZtjF,Y006aOsKGA
AiKaBUXrXa,Cn6CZMVsie,cHNZc09UoS,wx4Q4yzsQ1
CJBE4qpgS6,SjmiwRWZyQ,tyWllPr9jh,5hJB8JEEHQ
vDEm9VbGnG,Dw9ypLZ8Vw,0RcMrlJLmd,Yc3lwRNOh2
kPKlL9Epi0,7O7MysY8vo,Ij7iok3Xik,medeUjq39C
F2fGPTbp2B,yKmyfH3x23,W5xCgf8PZ9,fG4gt5wYa8
xED5J4qWtW,czY8XA4Fqt,LwGb2yNToP,MNTNGVEvqF
9oj7ZWXkAX,V9sHQF8wFK,WblHFcdh9x,3VqMrv2S9z
OxIXue3jcz,Ea4fHvkkox,Em52HIg3NR,UF7pl6q3mK
Mzhr8ZFIa1,f4JJjxG3zd,gFS0EqBc6Z,7P9l9aI1Li
fxfE7CJmS4,Tl1RTs1b4t,A4uUD9Cr24,CQyvoyTc4W
OFzCDePD8f,XNzsf2CVdG,E403MXqgOc,0rC6kIck2S
hpoCs4Z0ID,XpHKhtUkVT,j0dehG0jk9,eljUDepB5V
NKRJLTKQGR,oracodJt20,BWUvm95ttR,LNwJTRoyUv
yTM39yb3SB,93NaRPv3Of,mpyrAtvYoE,q5w8cpRTNm
FO09rhKzxX,g3RWkMCV1m,Gpt5WkOleS,16lBy0TXnX
6RI19SwKc4,FWMZXzOg7a,taa8pDxEqy,3vJqnErHgc
yZS76uuQbQ,zw46Gf4kxe,v9I3hAsmSq,X9cy3EEo0h
jsRA8vVnyT,RYLcLiC0VU,gIQ7N0YEDz,B2XcOrUD2E
tNLSwAZmtw,WGF5orcA9z,TEp27x8a50,nDXa9pY4Gj
vdnk8iqQQW,b5OksAwQoX,Ky13Gxo5qm,PtR8QJdg8V
Mab4kLU6F3,gj3x7XeiID,wx2R5MjUlh,haHYAShbI8
E7JWIT9Tx2,6JAOpGpr7s,6XBAssAZcE,8SA7ZnJLNy
z9PRDIyGI5,4LWtTc5x2Y,sA7oeM0Til,tr9mlMJqSp
yzWkm1qjay,hwifHHyr16,GnSLHhb75N,hWNqLX9iJR
zAg0QpP78m,7Qt4orAeWa,eOZfRPFWcs,OlhpZuArg8
jGovEQKkfx,Zg6VB1ygbC,Z7IKGCW1JT,tuldRqvdf0
ql6eYjRVaV,0lqhV0sDXk,aCNIUijfNv,AYF9p9Vb84
lMvcn8Sr3r,w13JOsPH4X,xDXzbYATyf,KNIRfHlJSg
eOIhASOBMC,2srGKqyA6q,8Wi3iLLovK,5XJ789expq
PQEXGRop5o,Z66FxYmEMS,u83yzC8wgq,foHxVXbf7i
hcX7Sw0g9j,uqVsQjTncD,0iGLeJC6mK,IEf2nE9xcg
zYoNq9ZDfa,Jv9QfhV3M8,Tu4LFGIzHv,fIwGIcqEVw
Xm2CTgLml5,Rqr7ElUCUO,tL9DvLNEEg,wqPuPcugcL
NsLdPFndkH,GQPJwguo0M,yjEiZ8EnYW,sMTHuEsgHa
nGe74VmZ5z,EDopEiUoSB,J0r2JWRXUB,WCvATOOi58
tz7cJ9dmkT,Ym5PdUQ4yW,MMLGZaDKk1,s8epm5pTdN
nb5OtLY7vT,RTxZUAnSHs,xZMkZrnYsP,e7Bpv2sWLR
0HeH87cKDd,vTRcxhi7bU,vpLQa5u3XT,IyobH3WqQ5
Q12LUmnR7s,yfgGXauSYm,SSg6kxrj2Q,9KC6yXxwQP
kvTnID9qk4,RCr24GmWUu,krMeC3TbxM,S2UXeR5hrI
pmzK2QVp9X,GEqwIQblsJ,FHvwGApUUw,SxoZJ0UpUf
QQDiVJ8uq3,qnkBEqTVd1,oBZ72dK1px,HRTo3It2fQ
UHZoj1ZgGF,70o3csHGr3,joa8SaOUqz,Kxz2YLdCeO
iIKPD0Pn1z,UCCEOCMmXh,KLOjX3snld,0GOeBIXZiN
bQPeERoZZx,Yl8fviJByZ,zt9fc3K6gP,rkZysMUAou
4YGmIDzSvN,7Iueh8vRWb,byNNO8zEQN,winJsM4VgB
MrFcudnwny,mOccgiJZGg,WjggOVcBQh,pOwvuHhX2G
RHjwD7RPLm,Kygt6wv1Xn,IyEYSemsxq,zSMVRROjfA
6yt0OnujK5,SeLzgiexCQ,S8GuVWRDUl,cVHKQax0DP
NTvXJfj4Rn,vkBtl6dKBX,J8sQ3uLFGC,mh6HIi1rVh
0CSAoA6BYd,MJ8Ditlq9S,HB7HGbTRBu,6TYhDWU6AN
thbffWLnqk,FkzMApbvoX,KxoJb4RrdC,ZbV1SYcQCm
EI7SUG2qKC,fanEdcjGgl,ZMorODimvF,GOrn6UVkFb
tAjAH5J5gZ,sRze7X7Fm6,cpT451TBzb,KiSJpJzII7
rdlY3Py5d4,4k5sqVqW6K,DkGmb404X4,P8hsRus46f
rZteg5yVsR,GpYpTmf3u1,kanw661Ymb,V8u92fcXOJ
pqUme0LH17,kdULruzG3h,OFGQQBYRlZ,O0crN5iRyE
ifm4mHx9gY,P1gHVgA8AO,YHfFmZ7FH3,T40yx27LXX
72Q9dH0GOJ,PKWH9dsCS3,Of7VWx3xJL,oeOQS13kh8
BkRfwf5uA1,nheg7rPpwM,xhIuo8N2S1,OsRewAScyX
xBeWkVtVHc,A1JyS5c4Wz,DYLe7on9Ll,HS0QWQXrf3
jIY8UVT5f0,wUghf7d5zC,5tpr0s6Lx3,LtPtVOSHd3
sSsmQokUpV,g3nEbiyUBE,lAa9rNfax6,zIr4O87Wxp
h96co3p0J8,XrGhykb1UI,scnSZFY88h,GD2c22wXQ5
nXqhSvJgja,ToLbcEqYPL,47Z3l3rQCM,tMwxBGL88v
aFdcYJKoHR,m3HzHTQFVk,IqdjHVyjJY,Pers6Rgys7
qkmJhI4bNd,xkT4jAGgbQ,EuS2kNrcJg,bjpc8wkb8N
Xfrz03NSq4,Nc5OSd3wSw,vPFaFdlS71,AagZT7v1Ln
pyUPzlqgnu,eOoMi8yNaX,Mk9IcnGk29,mvJehgVoj3
tyu6NN3f4G,rydkmoK2VQ,mFHtkQwmhT,7h7wnC4rr7
KCbQ1pxE6p,kz64K3PRvo,bAXJ3upOFp,6inFUv9ehq
s12mk3sDlJ,K50Lm2hWUd,myy7NHiMz6,E8eCGj2tWr
OXNstR17s5,u4Jw5eg8TY,jCerHU0MZv,4LBFitxJer
M1GnONYk43,WkDgUGWdM5,YfcIUZUx8K,2ThffKaOC8
i0V8mVhdRk,sxyyIS5bou,vcULOZRMse,ETSSnNeXM9
bHCPpkVeoK,IdSbWodmJ4,3VeAn8v9K1,4h1bnTVpx5
zVruw8J4Ia,mU7n3xdawu,M3cgZ6zjql,4iCy77x0eF
A2nvsSBLHT,rON2rPFenT,fuHkk9Rwwz,v4330U7i3q
oRzhFmbnUC,nJh8Aro2mT,ZxClDw9ajw,uzVAwG8N10
QvKrP90Owf,g7jfo700hD,kqZEx4wBSR,hfUSGbZ0eK
1qVpscUDjQ,BMPqxWzvt9,o1lA08yitd,L4a4znfeSj
SX79W2GbAU,rdf76EiXr1,G47PA9O2S7,cY6qqNDSuR
f5su5N44fj,1c0xOJ1R6a,2EVALlXg3T,NQxsTwqJyn
VxCnxS08Ey,bEwDvnSvQI,cCtQxLcdsg,6tgXhLZ3w0
nPhFbY3oqz,uFpF62N3fY,RXwTHRBmSj,s6EvCDRGBm
XXKSnmq4qE,xZaqds2syt,yPVUVwwzlG,hqxv9aYx0l
o5tjNGuNrn,ZE1gotuxxL,lBEhYXIqCX,9kyv6fJU84
2PZ15kuWxK,XO7AjmT4N2,z7nyqyeHeZ,ON1FN5qQPK
clSQV0PHE8,Twh8Rrivyb,CHNqgv0BrI,taH0TwTOLc
GRvXZgn41y,G5MByp0R0v,xCK0DVUi9T,kVGVn1CFUL
eoz80RsQEc,AlCmpsO8ei,FMF8d1V4U3,kzEnCxGtiY
s6CLptTakl,FpuZKBOb3P,dG1oqS4eNb,gIinY3H0Vt
egbxyGVgya,f4fuPWcfpQ,J01nF5cwbk,dS4xmOXi7M
McqYaNtf2J,JW8mBcjzQ7,Fak284uuFg,VQBuQTaqvm
Vd59gVAAUF,Gri4yOxvag,zaeWLOzgok,lsbUwFvQo5
rMIShflQFv,ksxI1AbF96,3Pq6Ez6t2n,3imNeiosAo
5WoNVqeByZ,ZAaMGfToNo,eDn1BEYgR2,z3xuXA3Uc5
ZNaTQRnkkz,i24U0msWI8,JH9t3nmwIe,7PWv5WM4fo
AmuR3yFLu4,LGcEXOT7c5,9akdVLbdM3,bI1lax4xSD
Ggp286LGFY,VZI2Kdy7IX,hbUz8qkLLC,rb4H5SlcGa
HLVgxdfAm6,ojx7Cc9XnL,0WYmbWKSo6,n0U2FUuqpx
nAtiurx8u3,9XTyLtWHcz,i0j6DyQmzE,ZPUR2CMjqy
EAs5gpsLrH,AJe47r9axr,3a8EQ89smH,Jnkt15IbcQ
HgCc0peD5g,OAjLOfCo1Y,6PMwtMqMGM,TEQ8oCWGws
hwZ4yqNcY0,cDM9tCzXTE,4nNFv1k6sd,icdLHku6Cj
kENmQT7TPK,481oP5glxf,VL7taGS2cI,QRWI6okhgk
vHrJX9cSf8,pEUdZ0Bs82,XCbIGPePer,6BYNcXaJRL
AUOYtPXgr0,ZwfstW1nZg,aJNGMJeynR,4roZLKXgHq
SECr8wlcXo,hU9WxTwLw7,hEgKLrhj0Y,n62dahXXEU
HEJrnRTV0O,cHKPa6uWzU,XkDkZfLtfj,xhDoa5CqpL
eGOqK4ZLAU,QzCN4tqtZc,qlgQXmXkHm,tuWCxYXCQk
fm6sFiuUbq,5lxKIJfLDd,8vDpOQKdwd,z2NsAJCMN0
yFWdi9XiOC,yOW7ZpatDF,jQ9pArX47F,vL8Dcmau8T
aAU5TqmTDI,OSabfIVkIA,wHI1FJn3UK,M7v17AuAtG
HdYwDYrUEs,hXcjPix33J,cKaClrRSwf,S6yNXcUhMY
fnJbE18EJi,ZclLL6rOkg,LNy3VNLLwg,6QZiTxEnXJ
kCfTkdlyjM,c7y1gWxUbX,KXgVDnp1o5,vsNw8rBy2j
xPWzEUIHAJ,ZcyxNPzHYM,0QQQ5HBIYn,lz6lqZeXhT
1mlPk7Piui,0p0SmOBzOa,fn9pxJmbIn,NmLfK4pbbS
ecWHyBqZI5,p4yarwb36J,NGzjmSUZl0,BsrrT8ieFg
2mF0gyRXWt,9uNLEYmUl2,wefXzYQAJK,UAOudAsMDt
VxAwW9mgPR,UctwGImOg5,eBLPxAjqEh,soG1Fte40R
XmG8USzzLx,fhOqHt7Rby,MTYUxWKKPo,H9iol67oAT
aGFZBBqv6Q,QDE5tn5DuY,Tc2mn0tVIL,lRVsMBIGcb
zlnO1EAXDH,vJvUa6XOOp,dxDVOJpsDT,Szp31vrUIj
jXtmS5ZMYW,vpUWgXy12d,z0saIXVRdX,3saWZ2nzwZ
5doHDgDGOq,ci4XAUlbhJ,cBQRXH15dj,xTQRmNkHQ7
z95UaGKu6o,Tvf9P7Zm5x,2hqDggWZ3F,KplmfwWd0S
wTzgVrUkAF,fHsQofkQv7,T7pNgHTo1k,G02CSCCZSE
hiLgQRFHx3,7RyEsiH0st,UIBe5GFFAO,YrkTCiMMSr
eDWnht4yY4,8q4ywpoouY,5LikfSHgOp,xbZIQ9LyS4
L4TVqgIAYg,PGyT7GRygd,ibCyNjUTK5,2FSGiGqtS4
B0PtmzayUu,caw5ESgfHh,PZJN4Q1agi,R55sIwPynb
vdV9y0HSNB,2bx2LOibgy,xeAQnW22eB,uMHKeHR3lq
BsjVO7Vhsw,bht9RLEd20,MiGsxe3uOd,v6t2xHKKwa
z7WI4kod8W,ETxJibWHkd,ybT6YxcupX,lZA22VIyqc
BDwcLcoxne,z0cFdkgubq,dc78FNrk77,hBLUAey7MN
IbJECYhtQ3,ZTKqOH26I2,Crh1knYnCs,HGyRUeFXKt
yeecmOBkKy,g4bLZVsf6I,pJUdq6Jyab,XGiaKIqN7d
d78cci6rRE,1NBwG74CCh,34pLGQPE6V,RiS9T7s9Sz
2sfTy2PfqR,2MhUg93s5h,VwG3GcX759,uWJAKMZpzG
X6AaBaw0Hj,xk9QMrSp4X,QCcAjZsDW9,UqhuSxm8ZT
wO3gIYcjyG,oe9YPVjxpS,AZTasBOePj,yyHz1UF5eZ
FNUvSuNoqi,Oc3SDjURc1,pkKxJM6eGf,XalK8j6C3A
YTfFZx0i2P,yebPhVnjHT,gnl3TTdS1g,sa6clDzyXq
md4yRaNjZc,bXVAYwLBIM,iPHrP89VhH,sYT9StDZz4
VQDG9TwzDm,ltz1hwrCRS,CiMgsfyZnZ,dEiulEmPQP
98At2N6F8I,QD9m7htT9P,bYhWFZCviH,h6rVibIRLM
R9yig2sKgd,ETUsICyzoX,yXiEno09oa,mbOySLnXhG
yd2zfZU7Zx,v9xJrskNAJ,59hXlqcrwh,90N6ja4pA5
OS7sxSGyKZ,REXdQLmi35,tdGpKXBoVy,yYbTCN3hLX
i8xKKsuIlx,BXm2Y9Weoq,Tgj7MbhIKM,FFgdWvKuF9
KPYAeXP96A,zi2exjoae4,P2t59qK0Rx,ryMvCEs5jJ
swn55ZS9vj,1VW0LeSRAE,pICJ6aMCyj,SXEjwyyPnw
eU57SCDkpR,r1dpPEmalb,ACAcTla5QM,Tu71rfTDUP
tVC4JkfSRz,i65kUw1R08,HFWKr4sRSn,0Bgm7WeJvL
Cz2TRJbJoN,GyDLcTUkFw,POEWWuTmLU,n1JKIte0x6
P0FvB6CQiC,NZ7Stizl0d,VvGvLgCC72,Eu0pyOllqU
GvM7KvNNXX,73mO74Nzti,Qh7OwDUXKw,HXXACTWpWw
agkPojGsXd,nob1eqtDTk,Xb6WmT47Di,ULZWK4IUFK
nh93dUd4bB,BV014M4HgE,O09kCAWg8j,JVNDl27Hgg
aYmIpZbT2G,axvRAB6C19,vGxbEUSRSg,kJWSwHi880
NbOBPswClZ,45MCin2Gjs,uAUPgGKhPc,hVRouh1llp
YjOUNdRh7E,rtvViK9vgQ,zJf4x4u5RN,8NLkZkZKUv
gMelARINcs,cAnM723mho,GCaQKYT7ud,YUcWBKpBzH
QSr9WmCS5K,etDI2nUwln,crOQuG9Rwx,jt2Qf3hFS0
Rci7wD5PkF,WkvB9ZD1j0,cguIp8mKHx,YClmGXO4Ja
jGLAlU8pBc,kryruhNr28,BheFJsFU8n,SaFXP1DSbw
mxzKY4k3Fr,Y7rISTfgtv,8gEnrLQH7G,jqqkNyHKLV
Y2AZKnZRJu,Osoxh2jlX6,1D6CWpyzVJ,auyRXcv8es
MeFC3pIO8y,7KQnGm7OYQ,12cBn6FTBv,sJWVTAOCXh
yhgBF6jHA3,yxZjE5EFcH,b5IkdF1QXz,gRerkMDR2Y
9JJtOvDbPo,BcjoSnCbrX,KtmW9iZ9Ql,xxini30azx
eJd0beJXgr,n8kGubSw9l,dXo4arBB8T,67wBeoiFFW
kIab7Rj5qh,wq5x5J9kup,bGzx96hx8r,6o7ccB1CHf
IgK1V6WO08,0q9xPUY23A,Cge2CwJ4X3,sU29hju0dy
FH8NfkSpQ6,FPOaywPkc4,F7vQidoneF,qUCAyuc3wr
ETn6UK9bL5,Rnf0hYivRA,BVQMKvTayj,zUryGOgSfq
JAWqBgpxOk,ajqxFiRIKa,MrvWdagyLB,fmDgJNlJ6l
GrwtQRBJEu,qylOvzaR52,GZN6jiUsPK,a2E0xLEOQ9
2SRjaxoY2w,wGokN7RrU5,slBZmSKDII,sUyiMfMnvI
yrvKrIuOV9,BJjr9grefk,2CSO03k4Tc,vAPcNBSMpr
Q2m7RIaID6,qRqxtqHwUw,1WBps8VkEu,ecOfgMeFfj
05M21GTXGN,rAiRrYvfb0,DjZ9whK7Qz,5BMbzE3Fut
jgSUFio0F5,ztTvN1NHYs,AXLLIzZ8VH,AsE25o4iQ8
eIONF9cOI5,n1dQeaap1m,LU679YJnP3,GliKBysGTp
fXsi1d1h3n,KdnNyx9byj,Kyo8cDf9Sn,8LmZT77JC8
NHM7WYIJR3,t4uNUf7y3i,3A27UufqPO,ctzY9sYwlZ
PiCt1Dp0p0,MpotCTIZrY,qt0HklNOLv,D867Bo5nFQ
RmoxIGbHzw,snf8GGiFrb,ESsfe4YVQ9,Z2fOK2UbL8
BSWeKSD4pL,0XsoJ7aFgL,1GSpqh1DKL,ZMB4iluYTc
zEMkEwH2iQ,2mWIKCtaS2,59koTch5Vr,e2QfGtCSTR
dzdKrotJlj,VUwFnaQ8Qr,8O67KBhuLJ,c3MgtM9t16
BcKvoibHZM,0lnGnnv8BC,LWZO1Tnqkd,5QcfB2n7gC
pNDmHDvLpK,2bKcSOXaa1,FBTDy7gKVc,yUjOgaCluo
RCNbtHky3Y,JpH4Qb7G2N,wgparMSkGd,5evDuBluIM
CniEAUWjXG,sq7ZmSxoYU,P0r5hxAzim,9kuews0W4i
4JOL9RCt4h,qM90BjLCrL,ZO4lhD0AG3,OgD8AWxPgP
nJ0EoqN3Bj,hdAimVzsER,3xCgp1rWw3,BO5ljUjbZV
ZqxJdmk1RJ,keG4QK1QUG,mCiIqytH1f,TYwwn5xAwJ
enLBjtaAqa,nnboEYUXXj,RKn6JHzSu0,MMMmGOnrhL
bi7VZx7iiT,am2Afprgle,jkSM8Nkvoi,m6ISDtuP04
3se9tKkYXv,aJYM37qij1,E70mgnWy4T,utd0YtU2eG
5v4VjdciJP,e70wS3iylP,gWXgU1Rnzb,cljTrZplV8
DDlRA4ymtS,JkuYfUx7Tp,DkyJDsTTLh,aucaUEKfhI
WNXQiiM0H8,2t5BeUpngm,Je9I7nADHX,Mu0VbEFmmi
kUHAZt1WZm,RhARK06L3P,rOUmELmSt0,2F86kz5p1z
hBcz2yvZd6,vavLkj23nj,oSSlFlUwBg,Wc4OTMnS8e
BB6KVTzGVN,PKDLMl9giS,nNcsUgUV44,gnDwb1eCAE
uqQHgKI9YR,H9KyqwI73P,zy35mpbWtA,ykriwFzv81
9iBNHJ9AH4,5yc9ARKPKO,ErfpSchIrd,qaEVJbNzI7
e3iSOtjpqV,RhQDFSFAcF,Jd6t7AuQw8,mgKk3E9OaD
vmCpimLAgI,EXXSJkEVbQ,MqoBUZ4Wuv,NDrVDohDV0
C4bQyS1lY8,Bjy0F4c48t,awTqwRBtbp,zDoeV2efPv
UcEaEprQS5,U7vBuyn9b3,e2SAhjFDTF,WtoAEn8w3J
vREKaaICqG,YHw9Qqn2iW,R7XqXNWGHy,0sHXuRnihL
f1MroOLk0p,lGUdQ8yINC,BdB3rNIq3o,TCgmcMwLpj
cfzFup3X4O,YJhmz2NjMH,lfhxr5ET8R,PrPV2wEpuv
Mo5iIVpNjt,T6rZhDINTl,FxwmEiPNft,c7xTesj64i
f7NMaB1wOM,5ND8EvEqra,kgLIRTvbSi,5b9iz2exrI
TIbmNzguTx,sUDt71HFWW,bUvAiYNh04,eZGpiBBXf6
QEyrwmwKAz,NRL4uL7J2H,jjRG9mbsMY,LJ1HpgBsUx
GuQKmknuEc,MKjfmeDJ3l,xwOzc3GXrO,HQGxbGV9WE
YIokelMwKK,FjhqpD3Ney,Emh3fW0gJk,054Kjwrlpk
k54Wmp26of,aIx7983j6R,XKOdgZwavv,hqrCdyYfmg
kQuj4dXDQQ,eWlx2eniq6,1NYEBAQa9m,t6Wqqh69jC
WaGNA237xK,FvWwnZzL4z,QOIwAbq6nF,eEZHLmUlX2
RWyqwxH0OT,WMErtHIXSL,1jBYo0SoUA,eBMbs9WKU7
6arKFb5dDI,CZANLNoguS,0EVB6KU3kT,kXzudXlmaL
6LEQRsurhv,53EPnHB6v3,IEDrq0ACni,JgS0fbmeMc
n9oeamRalA,zQDl9B6NxK,AexSsPaOT9,VcH5sds8ic
UFktq8Xed8,b8kf18j2f4,XabDqa0flz,siYPmrC5Hi
XDLLTn5Lo0,cxBpqGnLbP,nSOCmHHMfs,dtNwKCHnuS
YHojxdKBqQ,BrfKjB7Lti,el0rEasxEb,ltFHny0ChA
Nl6dTn36BV,QSr9MAhmHS,odGHxLxFS7,B5hqLrsf2p
MH7wRTS0mD,qctpBygTZG,9PJPHZsl56,mNVPQxNCAT
24kAHWrdPh,WmcYI2nGB7,DlgBriQWDv,EjpRHAV5Re
RYwYVAiq2E,BVsorYOkRp,vMXD628GdI,pZgRCc37N5
8OY1D49Ve4,ilaD2Su4ke,ejt9JBkjep,4L2iCbwJ7j
ylwgZO6yKn,dnEMemK6so,z0pAnZ9PIE,80fVxYpbm5
tMjRbqOSP0,JXbIHuqni9,hBkD4uqUys,aEbvmeQdLr
a8tVxveuQN,WNOCv931fr,8BlTJGTbj7,jCUSQBccii
L53e55yVCb,BTn5fbPsYZ,8MskKm5wxB,EYuaAXThN9
57zxEOjwNN,L957t7b4pf,lAcxStWVZt,BFSanKB4Cf
pAgJTWGn8P,0OVAPkAvS6,L1bJDDxFf8,iPWoWabGvF
OYQIlBii8B,hCiZ9x9E5g,cfRFAayBFc,u9ynQQYaM9
doS97QEHSO,wJes1ZeTFY,bYHP7tZtwv,idON5XAoLb
SvfdQksAMT,xFzvk8Nl4t,9ANmsxEyq9,no8sU2TfTH
WIA0P8CGNd,XlcfYIiNWN,e768zqadY9,UBnWPhG8yu
jH2ZtbNYwO,gbsnsL1Z7m,YAZ1KZZSWL,wBS2kjjdhk
17YxU7MJgJ,Rk3XcQMLrl,8C6PK588Pz,N3SWlri0Rf
1D1pOKSI8f,CS3y8yvYId,H9H2gkjgjJ,a3Iksg70Kq
mw1vKULFAo,1TlFHoTQ6l,ev5S4eciXq,Sz3weySwOh
p2UGyE2Nzc,fdCl75jQWT,TEbvPRN1j5,akfew6PI3U
OzlCSVblAd,kVVpnLmito,OehvUou8r4,tUUkisKLeO
6ujoxCxJkR,WQ8Tc2baep,D8BzNiDk7m,XvAaFkBOjw
QlKLFwI7ig,751npjcI18,3CnbnBGoik,pp7VijMvWf
5Q2Ztu3Yqr,ElL2GpYmhr,ekKNnWaTKh,vnH8GJeaw0
uCQv2sn6I4,Dg8fSqlW5O,fbuxlNZw8B,jrWvir6jYP
VxECtfCkMh,RMon3Ih8cA,Y9IBPkUWYM,rALD4iQLCO
k4WwT8Aq8r,8iEwV2zYxt,j07cP83GYO,BgTRGylrg3
s0SaBGfXWn,yhKQzDVciN,QADoBqBpPB,PcnuNP2vn4
TYovMRhzpj,K1XGWd2Zsu,L85fK385MJ,SerHdLM7mz
uVwMdVsO2U,TM5b3AUfV1,zvYciQRMb3,FJYZEmHjHl
ISuS9fpTkD,ZrZti27MFJ,5638Yzo4Us,guJvk7PMMW
QJCvY3cmBn,MDHgwlyB2v,n3vGIq5C51,WaqZD9qWWU
z47bczzGZq,KFkp7D5iQs,GzuHjjAisj,QgJLn15xpp
pgsYF7NLNR,AHPidNah8q,SDuftvxFxZ,mFJpKzX60n
KiMPHaLJrw,XcZhrKLfp4,4LCubDrjcF,FArI0jWnbF
enTbLqExT0,jx5hXPZPri,x77dBhgC0U,YDJsu2BqfS
2Vs1O1WovF,OXeZ8usVVR,4S9vsrNStI,QJ3SgA4evX
YX6qiZ37Nt,OgJxx4gaE7,gLJywN2njs,tZlhq71c0s
4gED4JOTBH,76RmPUc70D,C7CWoN1pPQ,MWVsMeo5Eh
l0ag00x44v,D40pxU18cI,6bleDHpaeV,tG5fTbX0pS
DYa0lVcRPk,xyQaGlX3ly,mC4Snu2c3i,jxZvm6Z7mn
LxxOVXuqsG,an0hm5FyNY,vu4cNfj8lv,LLTgxFUCSu
VSWX28Pg3X,Ogk2p8mgi0,ZeyQa7Kocx,1wR3kgIs5h
fIl2Vzvztm,IZVeP2FuEc,4fdndMTtqK,IZVxCGwgYN
rLWhhLD53f,cDFURleDvo,0mADCHHPHT,LaHNqXXeAN
8oKLwJRGbs,hg9aY1WRZs,O1azSD700E,oUuAyHRVFT
ysqHIDy7T0,TqMdBWsot3,CoPe2ebBcD,IzZZHyirEV
9RWfAr2MdU,UJQbqCqMva,HLcmmj5mtN,dcrG0ZQWX4
DVVPAZYWE1,ktRk71X07M,G8sUMxOXxg,h7Eb8j9mkx
dMHD9UNw1j,YFoZW6tMC6,lIzGlfvPzK,lS6urqOV21
6frwVt2mK5,EG6gSalgMU,Qo1HOMis42,aJia2GbGhb
yoBp4rhWId,unL7nKROY3,Dh4hYoSB2w,CZc5kVxi5b
Q6kbRUTYAA,8YfHaTa6u7,KowHyoQqLh,8XKcffrkCH
MqetZWikm6,7Lzf3uqZmm,l1DhhrP85R,jS0gZx0URL
9c4HlloMCj,66lboMER1F,AH2wFnlTxg,7u6mq4IVOp
hjW0SEyL9S,ZO5fR1HtJG,VOFKvS2fkl,C1T0HQ6ZDn
R4EDkoAg1h,ouxnd9ZErl,eaHC6Ym6Qi,t60On9rkmT
MuF8sbg4uD,4pClHJEWKd,ibkpfAIwih,HIVrltSxet
7Xv6qoGVbt,e2unSfGu75,G0Vcz52w1l,e9BRAwiy6G
2R862llKIV,UsCZAVaCNo,FNLzgMWB6A,nUgYonSrxC
dxtWmzML1T,cWFktEIFTG,zTxOagdLEI,avJ8Gjzpci
2pd18z3oLU,GokJgYjXHa,TtXi11Tcc2,4rJVxhLOMl
bsrjgJtLDu,0mWNDQL3J8,tks9TmdVUs,XVEVhme0Pk
JpBjEZ6x69,WmpuJGd8E0,6WWUnGCtsB,DhW7umhJar
vCZrMowdTh,mUu59ibj2U,e2JOShUZTQ,mtoF1WjbUL
JvDpEsUjQx,9pbPCyisbK,wFSITqxGDW,bzBlM1OnwO
QdWLeMckJd,eqJM6gbSRf,rTByE3SSvf,wwYHHL4Jlg
O6JavBX6zL,spFLblBRaK,QIQdmAqcw9,C2H2eMfnDC
thY7G4umOz,nWaMZb3xIg,l1HXXZzjeh,pSXxeS4MRE
4am00YqbMw,iI65Xd2iIC,bMlTLUQ1WA,egOWwI0zAC
ZLyfjD8EYJ,UK027QM920,aXf5kh8M19,tJS7TM4UFM
pqFdorC7sA,CYKcfDrBBT,WWHW9lHk4u,cWahtOSt2j
5jKNWWZ4nQ,idyNnHP3gr,2pzZWhLPi2,7B4J0J6WdA
iGQMjzLYqG,r4E6JzWNR1,vKBk4CNGdO,HsCiIQICpQ
a4UNQJtzDX,EpVNZSeehO,O3nKClPjeb,Z2ig4KYPzg
OEdeKtl9NU,Sy4aW1g9P5,J449a8G56T,AmZdmYoTYr
Pr2vNHIiqb,V3jmlgU4pp,ZwlLEkNksm,kZy7XVAynY
PxnCkzMBza,WzQ4DlwORN,9EAjJky12v,FKw0zzbcms
KOHiWrUlhQ,CpBknAgiyh,ZYT5i1MOsg,cPwIkfAaXv
kTUnQkWOEb,hdHRwnO7RP,hYYzZnEbIO,YHEZMB8rO2
tH7xFfv9ie,TTiUWLFyhZ,urYzNiO0Bq,TOBoGAwW46
7uUTsaP7ky,WiBAkAsMfu,XFbaZGkTBO,G0dyrlLmHv
w8kyyEGXmd,gBgcYbrDxg,5vUz3rTjqD,Fly0KlEJes
sOMKk7Ma11,6BwYjm38Im,iHrNX2U633,k4rphlOMAb
ex1BrqHhb2,hYHgsEKDD6,AOy2cPPDSl,PN7Yxi7GLA
eT9XIoKp71,1jw9hNepEU,vzq6DIppcH,o5oqclwtsr
OMM5MzU75G,nubH56SCu1,pin8OCPrgk,BglHFLfZAC
doe1PBXImK,2Nk4k7OiUx,Ww2cDZ8W6b,BOeqLLcI4D
uLJop43CRi,7v1wYDNsBS,i0sq1a0K6E,VnuEdbUPTJ
kFsDZalxsO,HicOqZ1yRK,gxNNnrQSUy,f0nbCCxkWx
IH5LwC3Iu9,OK6ZNOlnZ1,GWRh10nG2m,p7gHoR4TXk
tiFHnOc44T,5piRh6aEDX,Yy9BTUXlUx,PWHGce6z8Y
F8QZKBuRdy,faQC29le4Y,tAZEClYsJt,IMy35STxz7
kgjHwzuyST,F5x3I7Mdqu,3FIvJq6Njl,TBplasQ092
YEJTqSYaTQ,xTt9LH9GCZ,dc0ksQVgi9,swFH71Zotz
6TEOz7Jeic,ZYeCtY1xxm,P5wRHB5UIH,F9GFHx6uIh
k9nOmCxnEO,3mGpfc9aOI,sL9lJObw60,Mpcq4ULGxe
e9Q8kVKh7C,0FQPDaFfyf,DSFsqndvHG,MfLXSJRpPH
G2TM2UsGyb,oo6frvRVNc,E4B0gbwiAF,dcOVj472Zr
PRtE2ywfk3,CMowXMT9nF,49mW7uR6PA,uDja9RZQZR
9GdoFcBfvk,nCGt0IlzTq,3wLqBrxb8Y,R1dX0fhzhI
bifNZu2E2h,qDl2PWmaOs,FOnc58nKEd,7swBc0uPMX
6kuhojdfS7,rQBZoUMba4,zgD9DMyExZ,Ym4Pbd5eUw
0qcEnlvRaH,uULxTah36D,fVFC7qqgvN,pSBehoDCb7
FCmddm2It2,Ri4e3s9TMu,iyk4NrecWJ,XYOLvp0xIz
GvKI6k61uk,4SXLqLt1nu,PD4Gvc30QZ,wmrkuJIMrD
9MRYRYcY2S,KteM14tfdF,YL8NeIsfqL,G1tifanqsv
Ys5LMVHhkN,JRZzuGPJBM,npR0dpOTN0,wiPXsaKK44
EnclPeZhmC,xBpxCIdXMm,ayld9Wodkc,dpiEdn03Ek
5J8VABKwnx,U6XEoreIBH,OEzDOViC2u,p3lE2Qxk5Q
b0tkHupyiH,vVBekSItiS,J74VPYAYf7,I8lZTNnWO4
MjOfKJ3Q3C,cPhriExFJO,jWgg3xERDF,XYYstRTgUg
e8Nm9BWWgk,wkzAVaVVnv,SewFBu23VU,JGoaWrTyEp
2IncPffk02,ACRu2AKus4,yk8SxpHLTq,pCU6iqnLhA
9AvoLQTgqW,EQ8JRqqOTN,DzOey85r7K,jcgn6deYco
VjeWPkPell,MRExCAM42l,djrLTs5HoU,eRXSi1QTXy
siFvWMcCHb,sJwWEF5Wj4,07lbPncVkR,Ik836shvGd
P41MRkI013,u3VeayhGMV,arBHMhHVDG,KvgrY5Jlhu
A167SYlNE5,yKUdN5OoWA,Y0LlnbRdcC,vOsXfNL1fF
HlS5T72rky,xYhvROyl9w,5pw5dh7dw5,vybFhbTqmk
d5RasTbCel,e3TuuxvZRL,HRyIyqa9Jw,NFok9QgO3e
tobs8J6AfD,8NLwDF3VBY,1Dq6EfezPH,SRme6icQVj
j1yDPME94O,Sb3LJhWzLx,EIXjB5paH5,noELalVgVa
HYaVOBcId3,GScy5JxHbh,G7twAtKeuO,zmlvd3BY5C
hrtjG8e8dd,DQ4FJkPvMW,Txz5WOSaz5,L9BIWxLxzM
druVEUxc2i,3aDVCmFfKC,snFq3A8VYL,FRsgc6T5OC
zODB6f6SfF,W5051D06bC,8LvDI9RbMK,nGvR7XpWz7
6b1uoL68Hi,qwpvNUntAV,q9x9O4Fgwm,5daqx2prub
HLZ2YQ5UVD,qO2ENenbtG,AZzca7lFNH,s0MZ5lz2gB
4MAuJnpEzH,g1U1Mfg0wF,kQvrwHFmr9,uaGhwOUlyw
UziNUdiupa,tHQHGobuPM,kH6Tc6FPDB,PyIhxKK13j
ItQ7tuexLp,h9t2bakZP1,XdEZuThcZV,Y28xKU9trj
PQUnRZg3T3,iFLXj1jGCZ,Ps15WlqC8s,XXYmx2C1zP
fDo84Mb5r3,HTZACW5LrC,WdAExx2k4t,zMFAV8lAqb
7x5rOJACcR,fijmqDqkRi,SwdktBv0ex,IiAK81THZt
UTBqgyPjQF,KkRSQhVjwo,8gCpwaaI5u,aLBMlQHUWV
rD4euL1YI1,CYnDKtUDQq,az4tGPU64Z,aoJkAccfxb
AtODXcRZtf,h6V6ZOYWvA,ZrgYBVJdqT,WckSDuzHMH
vRgauRScst,x2JHlVeHx7,tQLYDXdVEm,bOuvzjTaaM
DxbNm6nztd,zHTyObgYq0,xWlt1hXitd,B4R9wDpThE
Jr4QxlufIA,MgykqhTktj,cJqLPZayUj,YpFIvb4sOX
7JAAvVDV8s,Q3DK3wWwi3,oR9M04PYfu,MopwFpDp6r
0m0P7McHlu,84L8yt7d6P,14ABcohH5N,087XLPgQqu
HTHPhUAUTK,9oUDx3ZfhX,AS13eTyt9T,4OjCQKEks7
Dlv7tUydAU,haNDmfKdRy,vZia6QUbuu,hOUvHVTTpZ
pTcFIUa84o,at8UEUcTNS,0EGKwET9cP,jDyYWBOOgs
IkwF5Qe74q,tZBnQBX7JN,Y4YgowWH9D,RJUDa2CBlP
N8gY80lMBS,6VWineZBXY,eaeDRYhpEt,5xxFizt6Rp
nxTvzerNN8,khVKL5OMA0,dpcvhMdqgt,Vl7BuYd92I
NaCbUMKECE,MU3FEwhFhU,1t97C4q6ih,6CERXV5EVy
yyfQF3SPBD,uarbjqYYlh,ZPucehuazV,6h8JOC7yaN
HubMIHRIuP,myfZvTdPKj,uyCTlTD9Hx,vQLatLzcbW
V88gi4pQVQ,qu7uaXN9x7,KomZkkeTpV,YigeIdkwXt
P9jGIr1Pxr,oRdVyoXovo,3db2Rii5Wh,8jdH0VwRcu
Bqfn3YaeDO,eb61OVJy8y,fUeuuUmt2K,6O2nwjZyrH
0O4HfykUxi,I2sTwltIWR,zZrey4HNrD,4ubxxwHkrg
POBhdZvQy0,viTLk97z7H,x6Utn3Aogm,WWCa8sRMbK
ie36IAMbUm,NBaeGOfgd1,mFjCoQJvoO,7dzSrFXaUt
zaFq2JwV5V,3p1THZ5c7V,vrtiptUEJm,21U4Cndofo
yf0nEGpQyb,dM5zYTHUtD,QTrlkND5l3,jOV7QSDk6f
ayDEFu5WEn,rj3CGSp1kZ,3iAERtAcbb,JMGZkTwVGO
rVyCzPWV1u,xFGhNliVFl,HqBWfsg70p,u0VgwDjGug
Xsx2LJcjPq,rSsz2p4Gyl,cpeVoBl731,MLcIBIMsj3
fIdnoIlVz1,9XBTn4q9e2,kD3dcp1Xq4,g3NcfaBrqu
kCpOVTPYP0,JDdk1znwml,jFJu49Gd0I,2eNO8rYkor
vSR5YuRqdI,psyF01Lwo5,w5Q0bRUEDp,0wxXdDrm7A
5xDYpwD4FC,FkZ2qSqMlX,obkDU3TTq8,NSnTYyhQE1
7dzCUlBOfe,uSBsHA8wzD,SZpQX2YIkd,y3TYkpklNj
OBvutGj1YJ,RpiiwWGKep,OHyG3sADbl,3fQsQBDG8z
HjTTVc56ch,i7eELoRCcf,KJ7h9Jl00H,WOwOxZdYgc
qtjgdIqrhw,9mNShoRiup,khppXHwpQR,0SwGxjVGTo
fNGTBmzEwB,kw7VHbzQsQ,vEHadFmzUo,18eyqzVWTa
DYKWZbWMg4,piZVIjpqMB,G1TmF9W0yJ,2U1d9eoHEG
1vYqyts5OD,iyoUaf8ryj,2g2eczIc5Q,D6JBni26en
NJSZEamhVl,yXRjyIfrSM,yNWLIZWqEk,nAR1UzGG4T
QngrCn3huY,BNyNlvsJak,EXmhDio4xo,4jZwdARvLz
ExVnaKP4sx,SkaX9jaxBx,8pED8pIr5V,McYYgnZBqS
H0tP2aXVR3,TcJ1p2qpnS,arcTcdZocJ,Sl0vyLdSXZ
A4GSD5uQF0,XPJ6KDq3rC,iCYa5H7WBp,K758tVIFJk
4jzblwzFrR,dFB1yTCY4E,CI3DNWSJgR,aopxFejnuG
jEqWCcEFJ1,Lg4ZHlYFvm,l3w7fuNijq,shjNF1UryP
6GSJ4wFgDc,w2GsdyOBZn,bigrmQBKDf,EahwMPI0xz
9oSs0rIDD4,CL1Rgl2wnd,GbuXexxRcA,2NhZRM5je4
ZjWgRzbtof,e7bPnmpiCM,UKQ0TPjz4S,2LNug21QG5
Grl8qr2WtV,M5m6gV0g4B,2zBcd7kB0n,tqg16UG3yA
XYFxiGCruo,M6m22Gos5V,QdhUkrPnYR,yi8ydnULZK
NYqpfccGh9,YxXJQl0pXp,xri57HsuSN,GmcIbXvFcB
vS9j13DLT8,2J9WR0nr89,8wc2ORu1tU,aSOc6dFcL2
l6LA5UKZjq,vSGNpEo8qf,Bsb8v2C4WR,DXciJouJN8
5Pqdd33JFK,9TqATRAS4A,KDcFdzsbep,fh2xYSEIwW
KS3ZWjib5W,p9PM8xlfzi,ouDUVwma67,BOljHkWCHg
ZIjjJnZj1B,FVUuUXlKcf,3QNoAgExvd,DDIzmsfyVK
XpI8wHjrXx,7qB9gHwyNh,YIupvoyWWn,YofMoTF7Ba
N1Jt6ZPIYz,3cnFpWR0Bw,QYuhSm0K52,2hshnhAgOt
jVpYhbjozJ,BprwHUXhBl,PTDVGHv5B2,72fwUW93Vz
LQTuuGOwVN,Ulse9qJv8L,EyPcJLSYJH,qhnFGDuT4b
jA9u4kuwSu,4yrjIucBsw,f14Xv5VTqY,znrE4pb3e2
Y4x4Bk3Wec,w0tDrASfuJ,KRtsZw5pUO,rhUwONgANU
a41pT0YVC5,D7iPdJOv2W,VvWRCUYI5x,CGcvaLWJzG
JfkkKApMk3,nCl4EA0aGK,dl95SGiN59,FCe7rPqkfg
4Qp62ioGp0,dE7PgLZiEF,pJU44kBxbx,no2PgmBoeA
SGUlwNvoSr,sSpCBowpKr,0vf0rePQdg,40UwqWDuCc
T9rjP7k9d6,BW0cPtuETO,w5VFsnyBnG,BILMlKKtbd
f4YgMqPHLw,wd9nfIdfJB,ae1WECcj4k,5wF2Ywoxrj
aupXgDwctS,mKUO4bWIR0,ryrSCIPfjt,zP1rizkTz0
zDGpwX81wa,kC0WbE1Csu,2jzK7z0FNb,qSjHgVvCt3
RXMDXqqtaf,9JcXng0ZDV,gZR7h2w0CJ,0D4109vtGS
tideghKJFR,NyKinxFTBb,Bm8UAiJ3Ye,RLVfYedsKb
LiZRg61Uwp,LiMgIFLWdu,CVRgLh3Nk3,8KiJGixEMG
yqYQMZyast,fyDDX3puhc,7autnjicDp,AnCMr96cZD
QaHnOT9EN4,gqvtuidGD9,f9iQ5MgkaO,mAZFOLKjhg
OyOhXgz2sT,gcm003o6Sx,UECyIYUxjN,OwFypRCKnX
DmqxkcdZOL,VOiUg79TUd,PEvWksbBQo,OXUSS8fW1z
LO7N9rO43b,wermLhH48f,q4WbsThBi5,mRTVUL3efv
9Igrmhd6yB,scnGRoJ3Pn,ZDandEnYgw,dVTnrwl1Kf
qhWOodIGrr,RgNby5wACD,cAwDdaXVvd,MMx0yCeNBy
gEEa7LfyLs,EdgvWmGnX7,tDUf2qA23R,YgaJr7mB9d
9m6gP8GXt0,bnZkmI9Yn2,lOhgr20ERd,VfCKf4QFIE
DV39axvZ2z,nWGKNRbpd0,iXoVBo1yuG,0X7XczcFp9
j3U2lyvfN7,2d8KjWwznH,X8zFuDZzNc,x3Z5viQ5EK
lXlTLClPpC,MflzOEvfkL,yWSz4USnhw,OCCCqeUc9R
HBuMLVIX3r,OI3UaAGF5w,62IE3l5v6N,IBmGW8RS7D
VdQBxg0huN,UBdgyjvt33,5yb3zgfmVf,9J45FHvFQp
pdnDRVmaMN,kneS55m9hW,OTJ7QwAdMl,ozC5ltuXW1
0UYnhvaAe1,rZFbQveMX2,Sm7oAKqA6S,E5ickJT7JF
mxuPNzH5zg,mvYrgRhB6z,xzX6vvozNo,5zxLCbzVYf
a0w9i90gWA,MVhfWDx6QA,xCbhIuE7VV,a5CboZY0DP
YXUy5I8KdJ,7ecNMiN1SU,Q2wcI3CtVN,90Rt17EYgp
WeaCcgXjlk,VBaYltu7Lw,iJmBboAoJf,HZVcjTCLzy
9c010F5U4e,5JNqDVEbeB,FIFOQetoBS,m7IaVMzYcF
PKR9Gv9k0u,NGGVkDs7Ac,NfO7BpRtq7,9uZoUORkCX
FEWgPLBwBz,KcN9HEszRC,6WHxsYsevn,5tu1bLqZk4
v2Yfb93vfA,cAugpjTYCz,lfVfLeTlDC,rH7jGS4eHe
vNeR6RKouD,lfdTb6YYo3,DNxlF8Gkhb,xOoKwSZN0L
cECKABOe7s,It2VXmlxDV,5vyfbC97Ju,fKLu7ABOWS
lgffWVaJ15,38ZEWwQPoJ,sqLRxH7fVL,OhW816Ppvb
So8xzMnFNQ,9WBsLZtz9b,pwWoexIXOA,F7F3y53J3Y
xuOiGZLkQF,TjfRJJQRcN,yPNbRkjGRu,fZakwO4apd
DUoZXT9eRo,ADNnquo6X6,K42ysTKAS5,IYRmTUEwN7
3S3xEALtvT,8Fcni55Ml0,ViPCuPEnvZ,tv0XpG0kp7
bdPIBIv4EK,oFKtjNOo8u,2UARe4uFL2,TdU3RYdw68
KGmMIoHI9h,E3TRN0umT0,bbCSqF3B1S,H74wQPH9ZX
trOoZXsC3W,kYrMnovOyG,uI1gcqs0S2,nxV2I2H8x1
i19NQUc5FW,8XJWc7VYR6,7SIeOAb9O2,oPcLkIS8Kx
VG72uxO4Lq,60hzJu08fE,0B30IfU5Ok,wozP1kAM5R
QPbSgancIM,fOA6wC1FGw,cyEMxwFpRZ,AmmaahlRdi
JAgt5fsl21,Rca7atKqJd,SYApHU6ivj,7WojttF6ZZ
ssR0jrX3Sp,Ova0xwex7p,NSSZ2EaHbO,lQTr7Lkqkr
iIwsK0W9uD,sW7Ca4mdod,RB8Ti4PzNA,nAdP4BERCP
GVZvTNgr12,i9OjsHXbw1,xNFGkr7rhC,8dhtY4iZz1
Tf06fkfGmT,wVIweG4zkA,Au4qPjC31e,CJvR3EU2JB
iWTPxvzf3a,AldZN9ct4l,zKp22bBIXh,7AzBSozsFy
4Bm8Y1wN9l,CckvskBBHJ,rWQyZ26I1A,Y6bGP6bmru
S8oiAxo9pb,6J0lRERKD5,Uwej0LOP1j,AsLSu4zWM3
QVCiviiMGQ,RJSO6a6hTr,XGHxKqTHAN,I8xJdYLIxF
J0dqQf57rw,JX2IVldCJb,Kisyub9BOg,UGDDhOhzwj
f9LTKdczXr,DSgYC1kmSG,bjcsqLAE5x,h2qusPE6a7
jLul9UOiDS,m2n2Qnj1Ag,xSjr1G9zDl,a6gIViCNhr
qoGzC5b2HV,S2y4P6yvXE,5knj56LdH2,koL6jItQ0X
TBtHtFWx2L,0wdOexQRWv,Yh90BrmwEW,XMBXM62h3a
7UvkmG595c,lLfcHe0jnu,O6354qG5Ew,c1wiJziY7w
cJzEAnsK9l,VNLCMVtq6v,vcMfPbm7T1,fjmR9RAn86
FOEJu5Oalo,DnoS22MLtE,sivObU98U4,3YwCRfYlze
dQHzoTXkbt,c9rFTv0fLV,b5ZS1UGHV9,VJS30mJPPU
