id,username,password,role
1234,admin,1234,admin
7Ir4AW2L7T,fpQQSE1eZQ,k85zuAwvGg,Lje98vaYGx
0cdbrRMJN0,fGE7ybAYM6,lnvhKqqEqK,dErjU62n1z
karrrADem9,8hTsahrYOE,2WOBWwO7D5,e6NHAe37vr
PZWn7K93V1,q2Eshc4zhZ,CuHB3FpMDZ,kxPrVQ8xnl
YyRoqzbkfX,HbWbqDUfkI,oUeBsUTe5C,5U2doNoojY
VVmDONUQJZ,YdGWSwOLJ7,4WVwEqgfJI,6onlXRD2MN
KzijWESuNx,iBNifVH3va,MNb5jV0OVe,dIOGPrSfUX
DTl9PRqz0u,IEm3LwcfTx,OBA9QGDpy5,ZtjPYHSZSq
t3SLQMzVwq,VQlgAXh8s1,TSkyKYGqgh,EZvCbceyJc
SMrBgXy61n,PQsPep4wOk,0FxIF2K2SI,pGRPLK8RYb
37UUtXCMcp,cq7prTcrqy,LwbL6VtZ17,I1Wt5Bmc8i
7BCgUNswak,UdRPiUyu0n,3BJrU6Mht7,FYujYIbYYG
340tvjzcsa,kc2tR02OBt,Iyqr8NLeCO,X7f9omYp6D
jkpQYSfq29,XP88bxQIMR,cz0cjcTTO6,5Z12mSZ7K1
HG4dBhenIT,opEUIfEeUX,ME7If1sutc,DnR9vJoeHU
7OIAostqO8,0LS7cGiOAF,QTSG9guw4y,hIOAvqjhMW
hFznzF2of8,XIGmECTPqR,uMu6dnpG35,uILsHha1Lo
OfiAaCVGmt,vRlZ2LEZYR,r5tTwvigKo,gpCs6jBVAU
AxDrM6nOYx,Fwww2ZXhhr,AQ5a0EE0Gd,N9HhvygiDl
e4q0isJPrl,hyLsnHaOfg,meMUCPRvwX,lGsLouEeQh
EwiyeAJJkp,66pQTgD3p2,dXcsKEwHjU,lk8sq4orZQ
H5L7PEL8MG,z8Ye2rgv6x,BmNctSegEQ,eNLTHtyFXc
XWtugyr3uP,VgQNx49d9n,4qBq3QrfxK,NlUK1g7bHw
KfLva8xncX,q1KuD8iEMP,gGGshtmM1A,JfKFbIiJMe
KJrTvMCxMZ,ncXCUsrXh0,EDIVI7eYxT,CNtHqlavcT
CGHSObQEGt,ZyIT3ASEr2,gE8w2zNcnh,x3xTXAEaqV
jbF2pzu7Hh,Ooupoptw8p,0XBkPNCSaJ,70nh8v8jpR
0EWYMsb2to,L7ephsahj9,X88pMdStcI,VP5VeTOETc
seJSUaA6CX,rgfNt6GaiN,OTVysOPZwU,ir2sHS8EdQ
ykDEwK0x9y,yUDlAyzCjg,40MriNlvTX,HM6TcRk0Mi
fsFw35Nyio,e79DfNSz0q,bUSrzv7HIY,ev52K5WexZ
JAMzU7TWLE,MXfts9vN2k,j5TagBS4e3,zuSxGn9Ool
KqHb6W2bei,pFLNYdI9MZ,XuLAEmkQYx,3Y2xKRuPKr
uQPwCNVML6,aA5wv2oK2C,ih3PM1wNaL,2xWnm9rpgK
QnqXmVFO1A,DOELmRMJs9,huKBzF2V2S,lF5oYk55mC
cerPVwh0fC,OhyOalwe1F,35XGzBkbMm,joMUghhstl
3QVxnAz4oh,IEsnaUg13W,yVVd9OtDjV,OYZ7alho2L
rc5TS7EjVV,12rSZKbR40,YCUFls0Sr6,wzBo7HzAU9
aY1ZPWqdqf,fHlaiNC4gr,5NGjr1Jbr0,pT0Yid5ns1
aoaIwBxKHb,balNA3JncT,SgZXeHb2QB,pDIxHL6O3F
mUy063ppUR,286Kw2nrcJ,x6jEOjbhoG,j2qxM69Som
G3et4aATPZ,FKKuihCfLT,wdgJ6INIcK,LNI4oFJUNJ
EdnP9P0Br3,uI2dBalp3D,IAj0t8x7OF,wrcv1LX8ta
hiPUCKFNjn,b52KvARi9e,lKl7AMD57Y,fLXEGgrZEq
hDHPhix590,FIjNuZYrKi,JwDEDalf3U,Shfn5Hi1Dn
NGeeQALYsx,hNYqmwegBM,aTvOyVIDvO,Wf3Imqatus
7VqTrijwbd,xhPNszD7m5,rA2nvXqgLf,omFreZtgX8
NvMz8zXKyL,jzQ7b2zxH1,MBzJsWK2Bf,anh4PbHeIv
CEno68LAOw,BQIJvm714F,YRxS6IDncm,mlhq2sAXVL
DoKBlhlwHt,q6ibRmZRo8,YM03ewLyej,aAR3ngEg9L
vMGKv2OKu2,laH07cjLlk,AWyIrXz3Fz,4MKw5AlSLw
4kEE8SrilA,YVjCAFZWbp,1gPjPbob6w,gKp0S7VnIH
uD5Umbt17L,LPfCoRkNUZ,SxkSiTGRMZ,qYFciMu8uz
tncCYtWQJy,tBWQXPzYS2,bmWMLDfxQ4,YLu4J66rGr
B99LgyBCQq,v4U7qBUMes,tcSisrIcDY,UNnpqtvGHL
4sdG6FAtXV,YQygbeoQNk,ZLQcwwOueG,zDqimqnuWl
oQPPJLaQtK,cGysMTy1B8,Q5o9qwCX9F,wi0uRJi0K6
WWdcFKLLyv,kVONQFaxND,mzVtAnt1NU,ClI7OSktiB
JrbMSfuAaG,rmC4zvgbZY,2tHXD1b54G,VKOimaZC0e
2yS5mFRfMf,2hCwCmUCBL,AHpBbzU8L5,7qSp4X6Wes
EOJnk7ccGF,rxF1gXEvLZ,udXcNIgPDZ,MUVAppdqmG
UZQrQjI6ww,dwnMv8uIqB,ZoSEOSIOdb,6m0K1bsniu
tO6w52DuFv,wADzk29Eld,PZ6GrN1qvO,1dyPWNFdlh
1nx6aM8BQO,mPwEOHGomL,bchuIMo86X,2Yjtue4cxZ
EeuzWt48Sw,Qq6swBoG4A,JnWKY6McDr,078p4ZV59g
ybujnV86PV,acKlTFDtjQ,1rX4CWyMnU,dzl2Cmzzfw
6JpmMJxqni,5Wi3zQ6Axg,CP0dlO3nIw,CLLjvOW9Ak
HFFdmoLPmV,VEvni7xEdB,cqwmfz1Efx,sODzPA4fxX
BbyWRwyzvZ,xAeQ2QQIQy,6b5PJ4p8Xq,19Wqtx1gw5
8BhS2Dmu9i,YyQN1h8PM6,8Zcoi6PfF3,agJ3PPI1v5
lOzyQePdGj,xIngIYvAD8,LcLzcUcjAQ,5KalhtmBqB
uShlahC31D,gc90DRJTnS,iGl0viIcoH,zfrcutEbez
vcoYW5qdKs,ktUJUYYIfq,Akil3NjspE,aiHzYbFcr7
OrpTpitsGq,9P8jxMgqNg,dTJikWkw8F,LE8GcSMcJJ
Xbb0c3xbl4,pT45rKQZbM,HFL6Tr4a9g,yE6GUN0Y83
H2N7OT2pTt,Wvnx4WkswD,deIkwMyAZl,J02DLAcKiw
pm6wZmZjza,BCRhpkmDKe,qRCR0aTdxr,S18J6LC4bk
Jia2ovhCxH,7eCvMavJyV,smCOXaXLhO,bfMLmN5PXp
0NqqnJbFTh,ZdZTMAR5aY,xUMrZsosCY,5iKp4luJLJ
dW8g5UsodF,Pv43aU2hdQ,C2ZcqE14l4,KBNTBvWvKH
hi1u9fetXV,g5qOH5S9D7,527pCj2flr,iSvTW77FeM
wPXMJxpFII,3AMDmLylAz,E2q5uJQJdP,DrhTOjPzkM
QNNDfjeVAS,jteipWivqQ,QuPWwYjGBf,ZzMR6mCFDN
aZceT0PjCn,znxawseqIO,QELLEnZFzT,mpDUCp6Qk4
Vobnv36WBs,8SAO8jFm4X,FYbnHKcdUU,dwlavg5PIj
gug6xMQiVB,SrUpIxWJyA,C0HI2mYY1g,FCMVNJ355y
X7oRvL9aoE,g72Hama1yj,Dcc9sMSoOd,qliUXFp19b
sLTodjeDvc,OsmUQQ00nO,99Ni4WxgKv,FiTBMVsm0S
OrDFqU0k1t,DI0RaPfhUw,khNVvJ9Suo,wV8HqCSax7
GOE8kNdHNf,eO2kFYhmW8,LcIEDmdH9Y,rBg6SsitWf
kEx1yonQvb,c0UB46vUhA,lgaMyGzAib,LoPa38ggRQ
WoP1irAVQh,jjCy6cEw5X,UDgsxKig9O,wQi59ijn9S
UVDRFC6XnJ,jqAB93wj4M,FyM35b7ZaS,l8alJY1oAe
W8MPHNmBdm,IWuRDkojIP,KwoSxr7EUB,EREYAhqBGr
Dw85RdbtB2,PruN57aOYf,GBN6TdGSYJ,Ajhlg8EsdD
7Sgnk70yNJ,aw7uOTGbPM,bNawKYuK78,Ufap9CGoM0
n4brNacHQs,tncbTMGUZy,GRStqJuo35,6ZCCoDZW85
oJaX0PuIDu,l2xdIVbzyG,R8lkAvlNH9,7LHAG66ZGK
oiB37YqoLn,2OonlrWS85,dbFCHcfw8w,rm2S8K30Cl
ILdcqxW137,Eg4mRnKGp3,TKCcPKs5cf,yuObgZSFzp
V2SwnvTKd6,D1gVmVW3Zp,DpvSV6NHpt,mnYtrChi2B
FjEx8LbnRg,OxDxGvQ6Lo,ViLVbz185d,1YW8fjC5sC
bQOtGpR6zV,HIw38IP59K,bb19Aw3COv,TbD3sbU2To
tQgAae5zBH,Mzbzn0P52p,aKd25DHduG,P976gwSIbq
Xs9pftgPEa,0iHuEblpBf,Wb5GFmVLwo,iJmzQ7uT2S
ON4GQvro1z,6neH9R0LEY,viPfEi5lVd,MCOiYoIfwx
HKP4VtgeUs,QwR6Y6SAIJ,FPxdBNBcPp,AYDMxU67Qq
04GcekTpoD,avBxYSKqfC,Ozz4tVuHUU,9TTWo2Z3TD
pUEvqXhNnD,mN9WqmSDWQ,jAcdYr0pJW,QsfaUaQeST
JcvJXqyhcf,vKa1bGL6PM,9jD4l1ZFts,NT0M4RKuam
VK4WvuVbDi,3WaiJMkBEP,lIs4gnm7Tz,0588unCd7x
Btv5jzTnTd,7gh2RurU6n,QYxnU0O6Ap,Lc3bFwT7Ww
NgnC5rfMG9,JTGwsmb3qS,6QS8pNxjzO,PTDHbuS9Ti
eKJFyioAin,kIxwN1qqVt,Nyd6hlpWkd,tn3eJYzkVp
cLMqBOF1o7,SEfctNNwcp,GqzYyZ2HPq,g98wnIceMM
q9olyGg3Iq,YGo3jHxYQQ,smTr17wOZC,GISH4iFj3T
2MFoq87coL,SrMzIHdjEf,odiXHErCQY,th6w7NEu0D
8FPwpK9sv9,4zstIDgjbC,cnkem0r1JX,Wqn8D6k4Wa
S8gpIsuCKy,7r6L7Q0J1S,C1kV7786Tc,Ibpuzfhhwz
NmQ30noO9A,oNfZh2bvQv,UWPyaMqawj,Rz2LFxrK2X
AhUhX3SnlL,pkr0j3GCK5,2FBGEz6mph,OXkFXHKFTd
bRPhEkm3rD,A6mbf7RUmf,OSTBRoL9zo,nIJb9slwyg
7vweQuR40T,R24SM0VCQi,NG4OKx3McL,iWut2P1MzW
39lQVLDIHd,Wnsk4WjkGf,yCgRSPuCSi,V1oIGkT8Ed
hpIdRRDHPF,OCUH1hN3dB,v9PxwANddB,WPxuPTOoe7
04ODnyA7Mk,JhMRqpWWfw,S9kRvAkcSv,3piy1JaMYC
hIL8cVv2cY,4xgRzBEP8D,KIypCAm8rs,3ok88UPa82
PaDMAfN9M7,JVJZ9b91AG,e6nqNbhybM,5zhnw5xsUD
uIQU1DOJdn,XA0RiWIAXg,VydUaetgYe,eaFd5DtkCc
DS8BuyPLiG,7QlLLmV9gs,auGrtrrue5,xyxjXGCGDw
k5BfLqnG2Q,Do51aqDbPE,tgXRo5F4of,BzeIuG0gth
5kfohmqAKa,een1bj1Uoo,20Uu8sCzut,Z82i6ndmLi
UVI2CmgCLq,LF6zLTNjgX,nQ5i8QeAuc,n6sFOjF5lC
9kKzbCJosZ,4YaMMJ3Y0L,zCNKdUDIka,fpCxaMDHa0
6X2InvAIQl,LsKYnozk6m,nIN0vZVoBJ,kpPUp6quQe
XBkvSzcBlw,mlQwNs5l0D,dHJfWtfaKs,nxP0NoL7C3
inULmm9OBM,wHsQW3uRF6,k3vgc76f7A,Du1lceih4V
D3XbDpiraa,Q7m1FCn3DB,570ua1d69C,tq1mvNqgms
1ealZKxhF4,erqogyWAjG,VZGJuXuRGk,8YCgyzAZi4
m9BZp4Usx1,nMyV5aQSoz,ORhZjtTFMA,AZd9y2MLlw
sC5yiAQbOA,mkeUXO1BMw,cAM9a8UJHC,1JEHrAnErB
omDuO5rNDl,231jxBaWS6,p87m8NASMV,deE0H3iG24
PnUvkYNPJL,W4nl7YZd4G,6m29cShLjR,JJjnpCSFVz
ftCilPG2EO,KkmsCXsfoh,Be8RXcJPuL,zwymEwp10l
zJohcMRLXl,PuXD2A8JVO,SeDKXnFNnc,WxjSAI08Rp
jDXIp7jmxu,t1axUPd5pr,zgrU3OQ9LP,3Qc5h9FmYm
c8sL84L8oi,mkcSkM7GYs,DCGNL6NSE9,oPNLs7ZuC0
KDrMv51Am8,eqbnKwBBrv,qu7s5kPKr9,wSS8ravGqh
lNorCJxmnS,eh8NK41RST,OjWa9uD0Lv,IYTvLfTnb2
IQGR0MpMxV,uubWPmNmNC,NEoDC8ceVv,XZUzww4Z8n
PJfXaI5RzV,e3Vj5ZPhdM,PslkDTN4Us,XIZYoeDdoF
r6ugZ2BXrb,0mQIvwnwo5,1HnjDC1TkE,btnCIiBgZv
8hYXXCaR9z,hSZgvsa8zU,2YI7rN8Ndb,sckocjLhUJ
XQgiDye5xB,G9VFGjQSDo,f8PcvFc2Q0,OxJoBOtFSD
PPeCwUaK7k,DNjGlNU4Xr,dhjG5hwdnv,wCt10NUYHc
uSBPygS6ls,gSCcQc9BjS,rbAHaGAfck,YeJC3BR155
NVNMeraIXp,HZFz52kTvp,gkCTzyy2LU,RMHj55r7C8
71mMlGldzD,AYehWn7HcA,Pjqy5yLS2B,jCz9Ub2WTQ
f91j1qec3w,QkyMhYZGCt,or60Ua9X78,GjihD04r9V
6qGhSADAIY,lwD8JMHVKS,natlfME71K,czFTPUQxb3
1c1SdihxkB,0bvrVsfThj,ICausqBwoD,mVYZG0IZ3G
JmPGVBswGY,CaNqHCjoV4,kohFbbEGsP,2WGb72XqiL
nVqtwgY9N4,1aISQz6G0A,fiiq8aNp3P,B11g4SkESa
SM5dObHd5r,kJidyOzyo6,MHVZXxy2DZ,tdYTkuOUru
KPDkTZpJE1,0atBbO4jRu,d1H9pBUBHw,LBC2ZUYn2L
TvicfbeHcF,4j3FQ3oxMG,x2hoKypNCE,JRI0EzKc37
IYCfsSnW5y,DE3ko6IpbQ,Wm2o2szFPn,IlwgVozXVd
Xaz8V2LbJs,qDeeppfBrp,R4ocPHJg6H,RhjWXHiNkI
iPI4958qw2,Nd0vEPl8vi,xi7pSujDAN,GrhaOftxVG
zjLx5APe3s,LOHAAi21r8,fzqNDQoB4c,VTQ1KeF6mz
wBzAM6eMz5,TckpvAcpbV,BIKjEkBaVH,TS9FMZYueh
s0iOnH3Pn9,p7OgTgh3j6,M3TsG8GA3T,855qdrwc6p
EFXnhKzHKF,wtYJUR19J3,uH0GusfCMH,ucdIpFH6s3
aJtx1cIzz9,3DFHaD7STb,zwxZIb5omD,8xflMWUDi7
DSwFdel0Ys,1RhB0xQLIX,zVLByMnDry,rkhNSjE2Ap
Pf0wpcv1vu,l1sr8CvbXp,IwJ6NeL3Op,YznxBYiI6L
FGgJGL1YFm,PqxVs6TGXR,oj4ivQHZXf,a5Nit53Qkf
FmRTixKsvO,ZgVCSKijIH,06nPxvwIfh,eJsCaZwJz2
Vziw6zeR3E,Inj8a25otW,QOYeckQQ5R,i6SJme5ddV
dmF8xe4dqU,NzMVyfrP3c,CHOfjrVkop,hNXNCdayAQ
CyF7aNTW1p,oJ07cQU0ag,6bhhJdL0V4,x2wcbWSgxH
DLL2eP7JPL,G3XsY5fC4Z,vCwTxlWdtn,hBIC75Cbxd
4QPVrxckUt,YSO2qBxt3t,Ku0XbeCacB,zhcTKAwWbN
k0VreDtQT4,uFkzn00cra,Nmk4c8Xlbv,vZTtpI41a6
8fzjv0OP4t,ZxjHxqxNvc,RLqeOCjhTc,jV3OyUWMnJ
qzSOFnXIie,HjzXVUiHKm,k4VQqekupl,xul3PQEoPY
UNk8Ymy0JH,0UxuAwonbW,hFZ0GVYVkk,bP3ESSkMRJ
GUkjM9D07d,3PSJwZLSMJ,bb664LXGaF,6JJNwhM0CL
rbDEYO5lt8,UA5MaiAtm6,Hd51rULzmc,nRUtaK4Y2c
pkqGwfBr0y,TJDSQapUsI,AlFvz8j7Ar,NZ3LwzteWt
dmpf5sVTWX,QUV1NAPg8Z,6dTEpbgMbC,XV5QCe9hPd
9R4ESp8Xsk,YMd0mKa6EV,PUZGNFRXUc,6C9kuS9bvV
gpwzPlI5hj,Wp6jGCg9fh,ovy1gGlgyU,M1wF1CONS1
VZnosVjwGS,6AeurKzx9h,WCW8zuYcAi,aZthQUun57
XapiY9OMAI,Uv9SDcudOb,0DG4x3m4mV,7HMFR5xSNc
KRQ7EOTZsl,qBDvkNUgZs,h2zToDfwhj,WcvUjS5DGF
GksXdlpWfU,RGJlKXgPTc,aumDyrwV7C,PFXgecIbvQ
pJR3vi54ZG,jckqBrfAA0,SkJeeLgRyq,MMk0LLWGRo
JG1kWZcTRg,1SPHlX1IlT,JWj2zoIvQo,nr9HIkBkMK
NYyqpO08Vy,RYKYDdLMEK,qt0sHkrxSj,5fzuLHu0BM
UrC8Y0KPI2,S9sNCiUhiJ,Wh7LPbWklf,5NiybgUY3w
941dT2rzhr,5F8RegDHzd,FdbPtu0QsQ,j4IuMeMhWf
8rIaApIg7v,yzkayKdopi,z5k8pwNXFi,6uSZ1k8eHN
kPxuHXO4dw,F7n57cPwWc,Y1ZUW53m6Z,KEv5dLPm6t
nsvGvjhrvr,4ydO1d2Yym,fc8Tuuvf6B,ZCRSZ7OPbO
dOaiQxYoGo,7m51pxo1av,jylqanT7Ko,M0MBl4Wctl
M4acOoRPhb,a4kgfZBK2I,cdKdxtToPc,9KohcDZ4WG
RBSkIjOISv,USzQGuzaxi,ze0lSBUta7,LIH80y8eo4
ddpe9CH5LD,Y8lHYQCQ6s,ONy819ACZ5,uR1arRJ02P
OZYy6rTBmN,87bwe25ArN,ZRkGGj2pnB,Dz11ePKKep
Y9lwpLQFeg,R4UEdo2uXg,HzXHcejicY,XkxEJIVmEL
oYrOThp73b,yG9kpmxguL,iNO86qPQsy,3GWx7NkF8Q
0UPJvzwM1N,t5sRHviq0C,BtPikzPA5G,Eh0Zh2aiUY
aQrw2dB4py,d6iAuNN150,bhn9HfYgpG,VcoLp1Kya6
8uFoaoeVR4,nevhjctzIz,X22r7KJlfy,d8bvFpQ23G
FSz5mzsO0q,1hrc04n8o8,S63nlV2p6N,4S5cLmoKjx
28Xq9L9VQK,BWVZqZNIKb,P0MYTJZJzK,nJMigOgwni
9SSimLlzou,eG4b9vQiV6,ywGsEbe8sH,xr35U1ZHjP
2PiDJZj3po,Nw2hp1OlMS,sB9kQdKeZ8,rmS9l5hMOZ
RsXEF4OoqI,G0A2HBXbq0,qU7mHsjbEf,gbXPov207r
tdQDttdwiX,X7G7dsXjXi,NbYzmtlzG3,QGyAFtNEKa
gfzPIUuhiy,NpuUIJZ5tP,mI47DxAt7l,dyqGUSz75e
FJ7f1k9hfO,OQmM7WVQdG,OKDGidXjVm,nf9QpchEqB
Iu7q5MfUud,wx34QTdnTn,LN6HNWXorJ,cld7Dpo5Nm
U4pJjZsq8R,ocM5fXEN5i,wVkVjx1h26,AU6lGiEhvl
27BxOlAfe1,nklHPMpzSu,9Pzk9mXKtO,WN1mOD3Vwx
5RfAeak1Th,UhObpDomqO,oFXVtSpBIr,DUn7NC8fO4
PsB9yTSpiT,n4YT59Ra6q,M6d9H6KVeC,BG2uVaD7Ob
sogLY94ULs,WsVR6ChZT2,nFVtkImueK,TG0TSDs5or
3wsFoKDtPq,TjweElm19B,5eU3dDieTc,C2zgMymEyU
EOkpULWmKr,505zzcgf7W,WU9w9OthPU,mFaKRlrgXG
Q2Ted9gsp0,GVb7JrStlg,Dvco7HoohS,NKarWvFrGz
UJ4kKRaosR,wnmdN3UkIG,G0GV9fS45o,SFpjPZ4Q0x
DNCuZZX0Ds,j3TQXW2Hdm,mWVoe8ZNtv,SOr8yYOn1z
8wt6GnWx4W,62hoLJ1UrI,8x8pmfa9nE,1qKgHycajX
NNJs0wkbnX,m8viSVqmhQ,Mc8h4enyJV,V1JqRxAN7r
PIkC4H6lhE,22m3ZxJVkW,7ruxN1TX9X,w7gCdmYK8w
kp1XaLdKRc,e5lFZFTjC2,q86iRXunAR,KazUwEn7jR
nogKEx6Y5l,DsTCnfRDwV,SMt1ZlNexu,jMndH8toYg
TRMJXfyVrY,AacWLjuikB,XmPAr8i4qL,JpvBjJgFEw
T4OFsNDYS6,8dMaqElEuJ,zCLl9aoppM,krqoDJVSou
4A1raiJzIu,qJrITZRZa7,HJR87xhYtL,8F5TaJ28h0
DJsTWelPzk,UHX7NXaMSb,uk91zu6Leq,ZBIlU0LYT0
wVCNHpF9tj,f4pAbfQW0w,ee5TF14nJz,vfxRyzkcLC
7WFu2Dflbu,gIPcElqyia,Z2a8kHlMdE,7MFlSphkc2
uQAb5W6eWC,lHL328FHkj,sPjkhb4G5P,04Lseuh76F
nR075O5S6i,8KP3xNswyp,8JuNxMbZDx,mHgpGaG3oO
INm4dVwUkR,2KsKjfBnwf,MNo3OsD0q3,WSioKn1xbC
cN120p5QdL,RpgXmzPM8I,g4UoFmD5ir,MA7k1zmM5x
JrQYLaWrps,KubwngUtf7,A5zuXJGfPT,u8VJxwVYs0
XgdwhCpneA,WfPGN34JHH,CSxUJ06ES8,YXmGbddJ02
0rrtOBVrfP,WYRRiGRbX0,E149HCNJ21,f9kTOorFGw
fhXM6o0b16,cKg1rZhHJn,yPm16uQfBl,fxPctGaFlT
l0BVkSSnXE,07FQx6gpXT,ps7vE6Q4xw,KWRmu2idUs
lqxdehzBAf,SZnpQghZ6i,j9ikI3uAle,npnbfpitIg
897sKrjMSU,5Mpx5kXFfW,ovLgLQP8Rz,I6NVsVl8U8
Gmguy6GR0V,fIETmgGnbS,bj1nZ8mx29,T7aRXOwWUT
4rQcCtWIXx,y7aKRjeSeM,Iw9juQZfoL,CBqarkUFMA
DZrRtBpf7u,d7lehPtIR7,vG84tky8RJ,dNeqcFdeqU
EDK67OaUiQ,42OtDYmNnu,vvEsNqrf8V,gKVrMLgtD9
lCeXZYIG8q,IiBO8dQZ74,m3vCThe388,4f2zZiQJfN
IDDvbhpbnN,QEefqd6tlK,6i0mjc0xO9,d1UR56cQn4
77SI2V6cst,ijQkhJm4yu,y8QrCMrBOS,hzIZlFBSqw
rJcsAV5r5b,pbQkEV5z3v,iCnyypoKVo,pmvSRD24H4
9seRSYUtkF,6VCmjceS2W,pJKkEQPFXE,riJpN9S1qm
37rM1a78Hh,CTcEFgJcvf,ehhllwfCKR,ZcLGNrEjxO
a83n6juwmD,QjlCk43Eyr,52hjGuKS9a,hAi2hpQA6I
jZUtpKwHiG,21w1bfeZpH,Dfio8BXPSH,3uGi2MP7ob
QnvZGR1nbx,ycbuwaTO5z,wKPISAxwjg,leZkczdVGJ
Q1pZeJDgWm,tU8aVrEJwU,oTbsRl5Zhb,64Os02GMza
g1S4X5BwH7,6NFWH7yGxo,4hiYI0OWv0,PX7mEVjGJL
eLhpJzGvSA,cxwpXIqK5O,ASF6YYTTbh,nVQFlOHwkO
AQQy63BDw9,tsgQgdvc9D,CL3u6vX963,WErPKIjaNR
0B1FFv6FCO,6SWAnZvolW,aaWoranxCn,RHwLGEuV30
rFY5vIReSQ,DGxCltNrXr,pggcvXFIGs,80TGNFU47z
i0vgq7Gop9,GtiUFcDJy8,nziKDiQVPt,EqKHc21iMd
ElPsbe0h7S,7nXRaPlM4g,Ogxogn0jab,GBjr1eGgPn
yHKGbBG2Df,mMnUbyhoR1,dTmlGCp7bN,fxBm2VcSqk
CGgfvoGWYK,O0u3CC9k2q,oofybBCbc7,rCeS5ECGmU
3kyJxCkqwn,f3FQHBlJg1,66riUqRPpF,5q5Mm7iuxu
recIJdVhoA,6AKyRfWhJk,zbFRJPG5td,CAAhWEf8wp
0O33I2Y9nl,BsAuuHzMxv,hPffG4vKas,mg9PlVOTLr
40uFismIiU,vXBTHOcSUe,NUuOCuFnHg,h9HpBbkKKn
Lo61JF3yaR,Wp2zzchnLV,QsDO33HH5L,tPHHXJijWI
CvNuaJktCO,URpxm71nuV,oyy71LUel0,LBTM5bjfsW
D31IIif1NK,Kgsgho5uFg,LAv8VzouKg,B3BPj34bpI
25GjkT84yn,cU2q1lexdi,ln97MwDi0A,yca45R58jz
x1ckdjw2qy,KRok2gi7mb,mFQxbsz6N3,8XzlmsBI1C
tt2v8dsdx5,USn1G8hAyV,V4NKeMLBqr,vDAwbk4XxC
wXToMNLqao,t34V3WQTcy,AeC3976ICy,Qql7mYTjFH
7uFwmTBQie,YyP5A4rwCj,PKsB2JcQg5,gqvqrnF2aU
VHfzf4m1og,bNvywQfUdP,ZFVAduJR6y,eMyjQg74cH
Kxu8ngMCEi,yXWMRtDtk1,zuofOue8qS,9B0OyzCVsb
3tBLEl3UTM,L2Emhpg0jc,LwIzrITinz,CBAKUx3XSw
nqYp81ZhYm,eFiusIF2PO,gybFOkAzV6,FnLsmTE0sC
4ARzmNGlKl,wxhBonE9RG,ZDwpBIn55m,kBhNwOB21C
aaEowYx4BX,oetQy0OKAw,PGNMSkh7XX,Gxiskj7Gex
FUJKdQ4HcJ,thcFbTtCEu,mYn480Dg0r,gCwYZgSP6u
zri6LNFKZs,4r8ud2qjgN,ufF3KAlIYN,8rGrvZDl5t
9dJ93sIKLz,mB294Xz46V,WCqs5ZyiWM,0NYuRcKgyh
kTFU0pZLTS,fmy98DWK5c,sUrL6AD4ni,rYs0Pq2MRq
zIIYbaXuSO,MlswtfZwtu,F2k24c9eRM,aJGFkI1DRv
uJq0k3nsGl,2O7VCtwL9v,ofcRZUDcI4,ECzNEbvmGw
88zBH7u0Vu,QNlpyl44HH,A43kstbpu0,aFRVEe11ku
ekwVDJz5B3,Z4VBZi9vyV,lBKd4qly7T,Ke1zTonlK0
Bn2vr3pAE8,ylMKsMwGdf,cQ7kNUMiNl,g7spUqQg4A
xwm8TDbBlQ,BZ28Lfscz5,ASuxwRvMf5,dPGZm6LKRN
MtIpkXAIhD,J6vXh08cSg,y8Tf16oGBY,4H2PB836F7
8aYBcCCRtd,h7mRHwBwu4,02HYBSAb13,XhlCsXrRxH
GeJZaLP6cS,UkjPzJdA4X,mpvyU4Us9I,BbcMRs87iT
mIgZObvrQc,HQzsm3Lnzm,K1WQaUlI0C,ZF49Y3fo2d
aVBqbdN6dC,yXXKBbklZD,oaCov8bPX7,dEgfieLkCG
pUI3FBhYIP,VpN6TZAvVh,qQNWiiezlt,eWhwM1JvLQ
YwZsIlsJM5,HSy4P3Tqgl,mnxnKkyO7J,jGMlWWkncn
7b3TUkaoxF,BtI7GOF7hk,KMvwPrJNIi,3vyZHEDxlM
LhYWIpVIov,i6lk47lGNg,TEHUTrEgOP,ODqKWy6baQ
kIYUMgCxYF,DpiLFJSw3H,s1YzD6YUZn,DQEffV3wLj
vwAnRrTnpA,TMHcj6tiT6,AEq2mNbRic,8UN8VfUNpL
8EGWi2EufI,IojQBD3rD0,9Ax9NVfOkU,FYAUUSZzai
yEt7mZFsIK,PAdPx9sULk,PdvsNPNxA1,n14MPAxRtX
tr0ku80cYO,AhVlTqj6PC,G9AItNl7od,w6P0ix2FSQ
qjfuy4UtnC,EHGE8oNodB,901hX7Y915,oayNlZqdQa
cpvDODtorF,QK8iKGsaBG,fsiOE63ind,6A923fEzon
UQOZDFWO61,zrSBslhxJz,uXDR4PBkZb,RyMbubD5iC
zpp5Cbbnui,HjwTrOEBQL,KO3TDncU4s,T2e3qHmaXq
hKLAfygzda,0KUIR3TtJo,09BhXEpeEy,26y4Dmmil2
9QGuo6aNqf,Wc16PJbhRn,6MbzjxKwUN,8eoFLdlS1z
rvpfPAiOzX,D53wSL3i6n,l8MJrZbIog,cT0YSoy2CU
Piw6eajjwF,tNUorMKeTt,2UdqVLHZdA,PAZJjqKcEy
YDsZTshCiz,cR97o82DIE,0pW8oa0bD5,DhEhu4zx9G
R0eqDeHqDK,tpquhplm8Z,nazYuNRw2c,h6TCWMnIM1
zYM2b6FyV2,9EtVIxY0G4,SG1irjAI59,UgmfhNZN1Y
t38sTdH5VZ,IVR786mTNz,XRvBpOI9qK,oNW45x3MHc
aJZcpE8wfh,8N1AONvfeQ,66Ic2V6SQw,8EB0o1Wxxg
J5VxxyeUoB,35dTjkIFxo,0mAKbYDZor,iAmQZOVrLH
pDMOCi0hwX,bSW43co73E,eK1NoFHPZv,sbvVuwPKfg
BQN4EP3ajs,x1ZDlNmw8B,6IMA2LUTIJ,1ASJX7Fsg1
UlQgSEzfrz,cm8fJNLsKY,ZCO6GC7ANk,uaRpzHzf1A
6rv5XUx2Bo,6Q0p4jL18u,TnOXSmFmZ6,1K1wVTvhRi
GwRlPSi5RN,l4O6Yg3tbf,D6N7pGcsXN,P0vJqzZkEt
9LlNEhcIFT,Nu001QFA54,YZTd0ajA2M,45uZOv87UU
Rf45yLbigz,diIXpOp65I,YiTIhis5GZ,LvYLIojEeJ
wedr4IVxOT,DPSglmJAED,FGyEs6Y7Jy,nb5NbHJokB
HPcdPNPkFS,KplMTCPEef,zJoRkM3icv,3U96fRgZYM
D5caLr2pE7,MXmfSqSGq2,SaMSrJt1JU,PCPe7SQDYK
LmdeoEjilS,PZA8hsgCjo,pHE31Ko2RZ,OX5QSmgE7A
Mnwkbu5P68,cjkz0qOex7,rmb8aryD6w,ptE1BjBFG9
etWQAJiWRk,11TucXEowi,8Hn7BHBGyr,6hwvbwyCNo
AyIXfEj4U5,fbpqTaEAEL,AxKO7z20g5,8EMTMjhns0
mq6AimWcEf,lmpn6ei2n8,NsNTEF3Sbw,PDAON4WNxe
fHbzn2V6gN,fkJaDFEQnB,rzk3XN2Ur1,c35Q75NeFx
vB9EYQlhYW,zrY8HBozRA,1aubUcZlw6,4zJndVEPYk
ldXTUGqpN8,S1t7KSQnDh,wfAEAFk4Qe,o6eg9WwLD8
oAMOiwTz9w,svhNH1CREG,ON3QV8COrn,xjo4AriQtA
1sx8FvFWnz,knmJVf9Zv7,sLieRYoivz,59iEqeAJyw
KdabO7yPZi,6Q7ZK2lBVs,30NNPsMJbA,TtRYKvuZli
07doc2u1nu,aPIDbGCyA5,QqccRXkizt,21Tk8kXZrc
7h8e3qMA9Y,vwf4Bs7Jzn,NFHFwEoh1G,eABcscKySq
Sjeh5SPVHp,SNWOwYjKqw,nTGvjv9bbJ,sr67pClir3
Khbc5a1CTI,gjeK3Qycpr,GJgCfgRVX3,mEQGwBCgTX
uTUMeFtALm,uCMvMtrXjI,aWsCJ8JCzr,6aqz3NZRTh
6bqzF8ISI3,qFnVAgtymK,kFJjgTVvV2,GWCsuT32i2
T26RAXvRJu,6jvTfHuroX,1oW9Frxetw,da2jKUtlDI
XFFcG7HbRq,5gkizEPUUY,WWgE7N4Y0V,5qIs0KFeIJ
l5inRZYdGp,2BF8rKw6BB,sZWKlEcA1T,Bw0jNCuvlh
oof4QWtfRw,82iCRRPJkR,pILRtsau1D,WlElup7Qlz
82Ni0v9Lui,ZI96fv6Ymt,xhQz9zcLLq,IPqBIbeRjs
U0pToiUAbc,xJBARY1Tyv,uWCsWsZR2Y,gVPTtOLWzh
nF91TtHwrD,0AGT8I0FQa,c6OYxjkLaz,4MYgvAWPI4
tRtfmrf4jm,wrcYy6uC6Q,X6VSWxYiWR,jPFGDbzKhV
4UAaOLURwj,1vlfFOdWBo,liBnU6KDiA,Eufd1pXNlW
WE4RxCOdxP,rzBO1ky88N,WC1TamTt0D,wmsmDXZ4Mh
6rc8cvcnov,FCGRxwuqG2,XabAexxvs8,uimSRuO2ZE
L1lnIgnJfZ,H0GgC3J2Q5,GDEVzw9im3,nQDR3GU7xP
C0QtgeOUoy,1ZF3XhRZLD,4BJqPp3zZX,rvPJmm9xgQ
tnIdipQ3ca,hvwu6cz6Cs,iqqe5mb12P,qMU0jkTOAR
fzqGeirr1F,V75jzEKW6W,SL0q2aoBaH,EYHLJRZ1LY
6Jac8SE20Z,JAdqRYK4Rr,UzUMcMGfzc,Th8CTiRY5P
lLmOOTLajb,kMi20Vs9H3,3cGCwLuHVt,6j9x9mHxOv
0bCFbCUgWt,yCensL9erW,JWwCyOqfdf,ezILvPizvE
wEobcFqbu4,PyVDLBbHNm,E5aQRrBtny,6SCQGcEsIC
d0aEIxvIRs,09t84zjHAl,bHMBtZgFF3,UQ4iDvwBqp
h3zvhQBOXY,gESO8hVn1D,QxzvD4BHRF,J69foLmXkD
Y5g03TPVlp,RqaQzyDv6X,ws8iHOOakY,Uk0nQsIp1O
E1uH0Gj3pg,mrSueLU5ZT,t5KR9uWmLu,CQyCgJWr1b
Bxx26b2R7F,Ul2xaL3v96,Tu9e3vsQta,kURWgglZJA
WJJIOYIQDU,tgi9kJETEX,Umu8n3VYdJ,bkv1RrQnDD
8Ak7karMFG,NVxCuknio5,hiHiusRQ3y,GIJzVzwlGt
2cjss4T9Wg,mBYy2CMq7B,jDd3hFApGM,MuTp5WwiL2
1eQYc1jTFL,AEFhpMOS5I,0OQ2N5MeDQ,i9VZz6QbAa
NFrFwPu59j,iayOJdHEK8,yO9EMO2LU5,aikU3VnKlS
dY2KRIAscM,XunYEdCAEm,IGhunyhp1c,85XxvazUgz
C8oTA3B6cg,S20D4NCNHs,zwrwldodMY,xdeaOQAgha
sLsZoql1Z4,YTlaMbMeVp,oSpY5ZoSwm,ql9TeZLRxw
9S74c7t7QB,76MIM10FSv,0yENg0pYhO,g0maFQbqiI
xoj3v6ZUYu,9eFkgVcAQz,0tkXrGs30E,kbFRmg8mZn
5t1Yf84kaL,FpoUyb6G7Z,DG0AHgNYg4,PQKdioGXQZ
AfPi9QnzsK,uXtnO8yu6R,3DMIwYRXYp,decp30cplp
1D7idL5HnT,Kj4sOWMUOz,5AOZgG3NRh,SWyxQG5Jbl
LTlg2ell21,Tlj1aI9i22,79tNBcEUBu,eSh7wZjdOu
vHfAROwj5B,3I7nomVbFq,uv8zt8BciK,gGpdQuOtd5
rWKxjP9hlq,ku1mVyGjrf,fzcjTpfJhH,02LgrslK3j
inAqvfgvkK,w2tkKIgIe6,MIniDhea6H,XtOMHIROP3
RHnyKOYFsb,49JLGdJpSD,DhccxzNGRY,TSi6wCjiBM
DS7qUwVoMz,EEOC9JWIrv,Fkj2C7XMZi,lkz2PIjLqV
DT9XmP2OJq,NEDtyaFZKG,Savvh2QJXh,0w3RYuWJqs
ALilqexfuu,cZzFA71DzT,j0JTyF7nPB,5ialzrifUy
UBWUyS9cOX,J6HBZhObxA,Ve0Q0o3W58,WECdUgXEap
41xggGPXHq,xp9m8tihyc,k9T81G0kz3,OJEXEOWFaH
lJErdIf3vm,n9xdMhFozp,LvmY4dvONF,PVUCoScPaG
GxlTAkQNDj,rbSiOsIELN,sVpnXmAPVV,aK1awINHFR
CveaDhSzA6,BB0TlU0efo,OsttuAMd14,8fIdVBpRNo
jQiBASK8TE,6OLqfoHrPy,WJy3I2meBS,lwR4VvZfoz
YJpWiA8tbx,2vRnGta4Ll,7JB4W5X0Us,Yha7Pzh8iu
Osy6BzNyNE,4CMnTJa9Cu,aQFZ8yfHTw,RkOHUf4QB1
GdxBpZh36v,LN5OL2YlmD,L7zR5ysOIM,B6gZOiwISr
DGhctkAsdx,UprDwYutMz,tO0zpxOAtd,OE2wvy71ZY
FYBn6tUteY,pgf3HdRtL0,4dBZvWinWC,JWkVcGeoiQ
Ka3iKcouoF,9MmdwSD6Ec,Agc7Xeo9ag,4omNbbFL2g
2JDHWIDPeG,EnReDd0ND4,vXXzYjfjZN,ynZs9BL8Y4
gPki5hdqHN,dd03c2OEMe,4rDIBv6LjC,FccXBUX7Dt
mPYwM1uadZ,eKxIPWKVVj,tsr03oVTmn,9fumxBvuVW
fOqxy2KNWl,zy8qnWHoAA,4WcI2zyAvJ,eKbo7429zP
dSu7VXvBtI,pZOCSjTCBT,WhfcRi5qBZ,a7F7pKit7T
1HnrE5WSCJ,XYCStlLJkz,cgrU5cumdy,UXjLBj1LXM
Fh3zYCVbmh,RB65kfIlJH,r14VRwQV3q,9BcN8tuPEQ
N9sU1f4PH8,blS8Np4txC,xUHDIOVdzm,XvjB0CEfZZ
L2hR5vWygv,FkNL1TWtqn,dBWmwF5GZs,IuQrRTBlDf
85ZkeDGPCb,NQaJmmTPkL,rQiZPVKixj,aEXCj0dne2
gCp7MoStaA,fKWEPj6bPY,ROUnvilyZu,jRNNjiyJKH
2P7OY8IPAT,EUqhM9PSAY,DWjfVQfbQ4,IEoYdvrYD9
4zlxC5mRpR,4fOfJS4qqT,M7ZDzT9TdK,2Wwvck6hey
MN4tejGXyM,wnSa3t1o5c,ilHrkeG6Kp,ovaC2jCw3O
4FeSKES2te,pTHyMHIMWP,82lOlpnJvM,tz6crRtuw3
vzF9HQtVbk,FH7sVd8VaI,DMnSJxO3XT,57lEAzGP6o
lfZjVj5cvE,cd8mi137Ai,0KeU3jqvv1,eKX8SqXygo
aCZ7HxHHja,pHWCmhIT9b,CuQEPFQRF4,HVimo4VRg3
H5H2zl7WQv,j6lCbVot44,R1FrwxFGDi,P51VQeNrpa
AxvxL8uNas,YU68xYhCQX,I4d1pGSvk6,oPPDqhx70H
CsgAi46H8p,lizAXAOeFa,LTUK92QkiG,jI5u4g5SK8
RZQiT4yna0,FTPkwcZdeU,fxR7d4eExF,He037z0dWf
pQL2LfqYKM,EIk4sUkv8k,YRcMz839Ra,JOTfgbmItS
pUUxod2Zty,NyGNSuGwGL,EyPeKPM0fb,3y1PdA8PuX
NCnY8YyHvn,IC6IGeO57o,52SqnKEg8r,6F2WcvY60q
EriQR75qk0,nnoJkRmDIr,dahaQFgXeT,AQtyZadbWI
Eygltylz47,FKFO5AgD3K,FFRYCxih1y,u7T4e2CoNo
hcH3UZ6BhC,qoLM2Ghc8t,YErAh8sQUZ,ZqN3gzOWqG
fWMT3i49gV,rhU6xDBPHS,YqzTA3Jvur,eZmkDf2cGx
FYYx5bgLrX,GW9yPfbeOZ,4FQV98PrpT,trBKMDTzai
bpeGTmsr2a,FboZzw4nYp,vbd54sUp90,oNxwIOQMVj
kv9DZHNeQZ,XH6VbLIt0i,zsYPb7oUFb,7L1lHs3Y2U
wVw5F6liSu,w0KTvjIT17,4PZmjnTedB,MTYn67nzf8
HFbcSG2rgF,PVUYOfODHE,5A4fZcP9Fn,nOWlTuFC2p
1J6LsfQPne,8NnALhLGlp,GFKOAi2rpl,6NMiiabYiP
NVcuD75sEW,tcntuzr6Vp,mZdIJR9I7f,Nrl1tHCJTk
pp2iWS6Rle,DPRtxENKqa,TsJQAq2E0P,SWaZdr8Ula
tX9pXcl5aj,K0QeZRoDmt,KjjFx1TeO6,i84pbo5e9p
Laa5dTuRzj,HMFc2kBaxz,K3uuFORv93,VH3NJFmKn6
ZpxQdrk8Ig,sitdvPv7mB,AdqOx19F0V,h8KSAi9Lrj
l8WNOiSAOl,SKzwyDzz3y,0XAKwpD4z1,ha5Exjorxi
QtAITU8XpD,wp2hXfBpHf,Eadvk5qecH,M0qFgnKqtF
Lh4pBqAfyC,n27aWNENkd,9NmGZHVbAp,jQlm7VuOZD
67VThcNGO1,GalVWACM0p,IlUTrIOlWU,93byUxKIw1
AFITDpq6HM,gLHS6DPbzb,fyNKYPIkGL,eR2PJ6RzsV
qhz4vP2icj,KB3RmJx4Rp,JWsEfYdRQt,0dJHvfRfcb
rkc0252ntC,7hLZKhuC1U,WWV50ybpeu,5N9MRr0Hk9
fFEhWYiVF0,zn8EIyLEtE,3RyUFuKdXa,xE4WO1CtPJ
c50mcEKbut,IlP3ZC1m2s,hDbwKsJECi,psPnoMOoDf
otUr4y62YZ,LnU4cTJ8mB,MjjfbFyVPQ,pqNXvX73CY
JS17oqoOsk,Bw7xg2JqKp,JAu17AvgZt,hsPKLANK9k
8tTX9VkAB1,BKzuxnmdWY,SYxRA78kmt,FkD9S4wrZ0
GJXzRrJoD8,rmWMt99RVP,tgGIe4Vng4,f9Nvw0uU3S
AYpp8Z8um4,w5n1dhEJLc,1AQMe7SlTN,dfKGpRbJpH
fqghK7DPkA,LLHkJNmZQi,aplEAFBMrj,sEqLRvACcb
8FzkT3bmJl,Bhk5oCCRf5,eATG3T8c7u,zCqKIj7f0S
pZo2rT6gvb,XAqWQ8x5dF,jKa2fYczo4,hD4fif3CaQ
7RDbTSOpi2,k7aN6R3gSB,uD3oGDpZOB,XSgYAkXUrV
KPtUNO11HJ,kALSXyp0Og,cY5gjWXsW0,NpseKLL6tA
ab1DNhVibI,4ujgAXfy4S,5e85HB4Epb,TLACJ194be
vcbe98vLkd,bX2dPwJH1n,ExZQRZgAoz,uaPZEf9Msa
8FuFwEJOWD,wm1oHi37UD,cbm8nWQN3d,Y0pLNQnQMF
CFsni60bnc,QV2BgKqywF,Ksnvxxv7vV,wObmGxYSEU
27roPQSKjI,DFqb7T7Fgj,gPh5svsbCs,cptV1NQY4V
vw9jBf7kBH,ZQrtOUNf5V,GtgrWJesHd,rZXUtzs7le
FalrFb6p7h,gv3breZNyH,0Y2smormLt,i77bNCWEaq
6VbuONFKpt,V7QldTeoZm,37hK8SjjPQ,rThtTm74m6
CtprlGpUgT,vB4I3hpOxs,lYKcOQeUbg,PKGxk21ZfI
N58IUlMS5F,RN4VFvFiaR,vaw2Soo8KU,SCvWImcdj5
aJStRFesBK,aDx4spFyGK,LuYvpkNxH3,3ohtTJukC3
1DyJ0wOP0X,IbpComaFyG,tRHfEPORwk,iXWHdZ90Y3
GgCeZkUH1O,HNhj5lWZ4e,vSPqkzPiFU,yf6HNHrX7X
6fCO3sD9uT,uuG51S0Mc7,VDRTsFkBui,yingqAaHtN
lCdbij49yO,cbtI0pQnkJ,FQ0zRWLpZg,d2aVjn9d4d
pieVzivRy3,EH7QaAudsY,JrGQ0IPZAr,N0qCsDGnm7
At8tBRUvaZ,ekHpRZpMPy,hmDLIgaBjD,krdYESWxJi
Ax9L12IgtJ,gKqw0aTfFq,e3p2clLoCT,7yY1zBtdTD
kxB0CC1IHm,Sn3KY6FTR8,m1wQTdXopA,AR6wDPh2no
w8XJaylm9e,1yTF83nHS7,pMq0DZeVII,PccSFBknKD
iocy66ZSdQ,mIXEf8mwHe,yZp8u5rQ3h,dYK8G7bwsy
pYS2W8LTs6,nSYIdnrgVS,eQkUtDQPZw,G8JNHsogiQ
wK7l4AnO4I,Ja3ob4pEAU,T6ih0Wj9aP,aV5vEgMqy7
DUwVookE9M,CTuKCpHDC4,6WcInCL2TW,8dkRy7LyUT
XURduOwB1K,BMOJPvID8B,7GCJzw1FDh,JYZOOXIW7V
ZgUwNB71Fq,Zel70lQnrF,6EQiy9OOek,C6U9M35S0l
IYjacy9PlH,HG4e4kN7HR,0Xm3T170Mf,PZMUZQCS1P
qf10Nq67kF,Qxl6D2uMwF,43HuCJ7ubv,zqCk2YY1fP
h1gdRWnqlc,pZe9IhQywT,OkOn462bYL,4JMbb2f9Q1
WgkNQsXO8h,djNHHN3exJ,Cuiw26LCHV,iu8nYHOTfC
undkclxS8W,lPLiICzq9I,pFJsVCtAuL,5B3lgVEAHM
vIXPHWFX8l,Fzm4CuHNx0,wxbXlneWEu,0LMMNmYL8F
jy3Yo9jV4Y,JqUFYy2IOB,yyBJiwYfMC,mrXQOuBMu9
Zu4JOkhPgA,sis47uKZks,oReNgLvivS,n88SZvfv0H
6rS0h16cXN,9D7XWJNmXR,hTGFZ4q8VN,m9sfaoVxXi
TMSajahgCF,lz7Nje8IwO,gwfULCf5fo,urpBBqG8iU
Sz6hmi5QU0,KVKdg0g6nS,mV43PTHpLH,EYahtr7WQF
yoHaHIgycV,n9Si4f3hq3,71V8Gt261C,LIhhYM4Ud2
1oP8PL82eY,yINuIGRwdQ,FinB1cOXIA,YDGen4tsxI
qz6UakCeNz,dclNt9zTya,v85VUMSO3q,vQv6KEXoBS
zLLJamhp89,A9Fcqd7RRt,B5SyceBGiW,KZB43xsfb8
FH721Q1oMT,gQ2SCqGLBS,E5jIGRHMdb,zPg8vcr0af
NDDSLtXbmj,2hcG1ESAqr,pwnxUsVLgI,NeHWp7AeQM
k6m4QVbLiu,LwXweWJJgo,GJSY4wy7rT,ci3ipMfkH1
B4C5x5Z0EL,ld7a6MZayN,WtNcjrDtGs,7o4YO8c53k
Vko9dBTr5R,4kkpvOIel2,ITo7A2Qc9C,Q2SexwrZyv
T2gAAX9imo,4YHtKarSKU,ZTXgXFtV8P,8dAXZ3Ej9k
A4d2WLwv5Y,jqeHFrGzfk,TRGLF4DzGv,a4sMzltjk8
Uue8006GiA,iEtnWyvUS9,78QSWo8LLa,mktm2F3Oof
CCxiGSC7Vd,wIXt03zgXH,W1FJHKQRgz,jH634Y6Uos
o8RemguMu0,F1UC0okI1Y,cNUfnefZlG,BuSi1lX1vZ
8b6wxSJiMs,Ihk1MF0MnT,SQxhhUUJXM,toGngIhjxn
J6DST6XLXE,TWN9gZVTE3,FygXPluZ0e,3tLqoeBXBi
IMSbMgKSo1,i1GT2UqDw9,dugurOwNw6,5zIGkh4k3H
IzFV4ctKmc,mAtlkxz1uX,JSDUv360bo,mkNjrBi96B
W2EPm8U8bp,Lx51vEVRFa,4eIlqhycMI,jwEMnQt8im
sn1vc2vmbT,EvxYy4PZm6,8G3lkNKy3O,irq0TLX2UO
pkKYpZTZyb,y1Hs04D5dQ,LyUrmn7u4E,htln9GAh8h
VocRsMlXHf,vWoXcnJWeZ,8KpqIOaGyx,sYHJC4l5BM
tUkng4QMH1,rIXsWG3gln,AYYS2F6kpC,4NuI1XI5ay
egKzzB76La,zgbPAVVy2R,nmKHt7nB45,JGhYQpBfDP
mmUSApZtND,7t27UUFMLD,iyU0ZTr70S,ZP2YpgvBld
js4w0IkqTd,xNQywgZyR4,ABOXTsV0lE,illvn6SFU4
7XClN40HBI,VrU5po0u5z,zYsHEs2Egh,IZ0gvOhrDZ
dC5CDbCPPl,JEhCtSgUj1,UO1KY8aJJq,jucr8uk4Pd
oehFIwysob,GKSqXuHrjK,3UBZh1lhqQ,JiGON5CFkL
WoLd1gFa5f,cjBjxVHl2X,EL1OywZZKq,BhgHo7eJDp
gTgWdBsoaC,yVmIYAwRve,rgxVvvr9tu,L7b7CrhfSC
9ztfTBj3Kj,TPKWS7tEmQ,C5EVPsiwkI,pJn2eOyGxd
OXrSX7OYNT,Ht8LEuWLY0,RtdIZhbrSy,OCNvMETmpY
LOdMOcFFMZ,w5nVVzHpff,W7KF2A0lEf,PEPcDfyDRy
vlaIhpHkb4,rstYLjr9jd,2M102jK2t6,crSIMkbaaA
A2KSDcYEUA,quPmhoaF6D,L0xqblKRiP,yQ5rWkeB8o
Ig0UTsRYMZ,80YcphD1hh,iAP3ZpVE7b,PH5uY9NhgP
aV5WTus35X,gjTqGD31AB,asIZiwTmb7,nVFg7z7Xmr
lGofKhTb36,uyIkfKiNMe,0lEEo4kUWI,QSgLUsXG4U
5czNLfswXj,y3h7Deip7B,PGAk2y3sxV,aNllHxrEQW
fm6cPBJ6T7,mdIAxmlOsc,7LC5DPMW62,hpztLoKvZr
ZjGMKhIHlN,IqOc6zSiwQ,8vDrYJlEp1,BH68GOTiwP
JzX0Bprayv,R9rBmuZsiY,PzLI1wVwI6,r4o65tCMPc
a5MnYWO6GV,kF3jY8Q3x6,mqbXjawgy6,wtkCKaC5sS
lxACziNlQA,pUIvGdhQdM,rcrWkPY87D,yyP8apYfjn
hfiRTwITuv,Oebn0rS3yd,YDqWK7dDFp,ULcqMCnrW9
PV6Y9k8gXH,rc3OUYDkt4,ZZ7clRaZg5,2tcvJnKNl6
5AeDIOamtx,HnuLCkGFZN,fMMM1njIfO,KeftBYQtgu
phKttVGE56,hGKYrf0iXq,beo2R3h1yp,P8WWcAclDO
uEEl0fMoLf,11Nck7ZUoe,dSqgktjbbW,HSavJ2DO5d
SKBBIKwRew,rb1DZcOP73,XxZG8RCVTu,S8A0d1wcyu
bcTIaiTgjy,SvnjVnraxG,FFfprdHVIV,ryA1r7Qpzs
N1qAmJZqxN,rrKFmvwOGw,h7fe8TIfHd,3AAOWQxEle
oK650fWgvo,nTtbk4Kh1q,vfybqUfl2J,6iXiUNpz53
Wt2vcwQ510,aWistB5OHn,VWmPDhgMI3,FNv7WBv29R
PzB861cwmt,IrtPibEhVg,k6MgZB22Sv,ObRGacs2jB
sjMpjnc0QI,nFfHjO0REq,nBuCGwqAxK,lvsaM04StG
rR0OiliVN3,DN8YtLQnC9,8lN7vpYAY0,9Bisf8OgLm
IIlurTuEL2,ezOi1QPkOI,GayzXRxvPE,oPu9LgSuE9
xroEk7azo6,cs9hcedM74,ysoBLhPfDp,nuHlgILmm2
87NAb6INdr,xS96QyBCa4,XlGR9ihodz,BpCQrDZiIe
8R6pH4iZmV,YX27UptAHz,wcv6vIdxUN,LP5K6jN9uu
Z08IOin0NO,JW9rv7HTHW,HrYT1Pj0D0,bgKKVIRXKq
ovH1jzpIBF,RwRENPTjNr,uo2PLkhX0R,Rel1PgSAPW
KhvuknzgMC,eG8kpHvAUz,fcq9RBU4ah,ARkHkPvloH
V5DWGeipY8,hzaKKGJbcx,hCv6tQ0Ynx,WRCI3anIWB
nlLd3A32EQ,bdVDjDuMfC,NIwjgT8dFr,kSLYVVTuSJ
m2FckEkQiC,5Q67Fy17FS,w0Oxfq75KW,f9312RxFdE
wUckNyH2Ie,UHm2zIa63Y,NkLX6eaPp4,RzehCRiy7a
Aw5miCPxI4,VfSTi5D5w5,9EDr68QWPd,jfBceeVxz3
p2OuX2q72e,ewcTfzf6Ai,mCNtE4ec1L,hjr7QAVxUp
CBgz3PLkBg,SPg8UjrZT3,Crj6oW3l8W,5hbUsTHj75
zUoyoC4fRY,8JVZT9gpPA,0xt7kUYq3u,fruxpaCw4T
4fPAWkcUzj,ABuzN9O3Vn,GRKDLMb4kV,JoONKfOBRj
KvMNyms9XR,6Fach3Fbxg,bccaHwSENO,dWfGrVK4Il
AGgAp39Kep,EhTHd6x5oi,TkWvxLG7xE,NXFQQGn4ZJ
k2DqsUOrm6,co5ZmJOo5k,rJUOeouRi4,oqTiYD6qRT
XOO8KVWpsN,HagxpcDjF1,t2Rfbq20HE,4mRHUfMKoA
4hdp6AhPoF,uHcf3lZ2O8,XzNHIIyYfU,NpWGm8569p
ao0C5Iil8L,DJzYeRMlhP,PR5qrR3QpR,AYggDqb4d1
0q151hfeh1,IACscyyp62,pngFJ3p5Sm,rmUeMDYlm4
TVvGCAi2iy,ZIVxEIEc2g,BAONzWEqIz,kI5n0Z09pr
smVxYIhEYI,RHARhXlerQ,0NxxRJQ4Ba,X4Gh1ujK9l
KZXaGybYSK,0bw0xOozUv,Rrpo5KD4Pf,dlPI5TaohT
zIqbd3oTs5,i4F9bHgvXB,TnEdfGTLli,D8qcPOctFQ
hsB0gl0Giq,fsW7epB2xZ,jVPCV3HKhp,DAjn5dcDCF
Ii8OiNwWfj,jbgxy4cO2n,H7Hh2XLvcE,hnj22aKHBR
tli8898zfK,uvR5ElQ9nv,c4I1Wecyjg,sqdrafe9O3
DXPBkfxah3,ZmBETqwbIw,k4ke6NRFga,C9iaotGDme
L8ezVdIeIT,6EioQZPkOX,TayLcy6hrb,Ww3FoytCNs
058GkXI3hV,oc1w27qKCd,zu30GYq2OJ,Vx5rTWqhhF
eJnJJMXwV5,sN1pvWrvEs,7XYYFrYMgN,7PB20MlkdC
GwdQZj6E1J,44jKQXD7nL,lxt2sRkaTC,7oTAmeGAqr
5FPmfREn2I,Pm9ucV3njt,fGJZgeYg0B,ASVLUkk5mX
2TVeDgALNx,c4tfCTaxAm,jbZGG2PO35,ji9ul14LAq
FEahZ2E5Nb,fcLDezbIem,IEaWTEX1oU,js6OD8vo4o
0dg9GYfwLb,OwhIfuBVnp,pqwBiZLzyw,5VyfL5uEGD
QKSaq7r46V,vGRkEzOtZZ,94qjCjyT7i,LeuBXzrfpo
bwdJFgPT8W,cj6svl2cJF,vFHwihqY9s,K4nXjl2RL9
UuDrlOYeth,zdOwVld5BI,oGUtaWR26z,ThomDeUMgf
Ex0w05Hpf6,VkzO7Q4QRM,fobkwrMa4h,bPp1gKQmvV
WEKdSyd8Bo,8Z4MVOvkWl,6M42dVgxzi,PcWr94AFIL
0WRrvRPW5h,SrhYgtVTAP,QKgYDnrs18,1HfzRe3iyp
9oykMrPh3J,JsHZWrwlck,lJPbj7sprE,4Np41q67a8
O81OrWBmOH,DWwIMYQwnf,2ClMWGl0WK,YrqmBO2YVo
DhWQJe1KlM,MNR2zy3uWE,A1sbrFniYb,RECvhiYwem
QeTbmiEsoW,SHz0f19uqD,PiX35XxmeG,B7vbXcRb7z
TR1TwwXMun,EjBWrSbLpi,gHCDrWBkEZ,Xs5huJJ6SV
o9pueOtN3r,Y6QQTk2BF6,P2AADVHFKO,i2O5fkg4qS
dEcEMkkV91,vgKkVVKGPv,VhhW3GV9KP,qHI62FINum
BrdZJwGWqc,uBaikRFbQe,zmToucOX9l,4UIL5rvGZ7
hQSoTCLq3c,4pY0eQtulz,WyWNr55tOJ,MQtCl61UxB
qEM5mw8jnf,M3s0Y511Tw,JgVYfE8iPs,fOngLUencq
juBEBE2EXH,9fszVG5RDC,wkBjFcguGg,mtt9xGnMIv
Xdwg4puViE,BMLAp6Ab79,OiSrsd3Qju,j51aIBcUf6
11ZTaeMm8x,TL9oFmho8Z,xT3FNNasEe,KbBj2hicaL
OkOrzGqaeu,5iWXW30GDu,CQ4FOVmedA,VaqwrQz2VH
aimC0WuOYb,RrIoGdJOUP,OIuNYd1cdj,JMXl4MUNqB
uoIbLPscTn,USFeq1jMsd,65Tfry0deQ,83JH6TjOxl
Xvn2Q2ys9M,czGsNJMyuz,jp2fFGgTrp,ExERh4jHzl
hCklfjnYXV,TVusn4mdwN,0dqHDoxSnn,BGGK170L5d
qaE9ZWTXfa,l65sl0ja5G,Rs5hUSTAQc,mY10mHsmP8
ewIwccIgWp,RnlVGyaM7X,mkPLqEDahE,oCtTyiKzTN
eBOGgAdEnP,OGCEjpCidp,AyZzA6jBiG,GgPo28GKZ9
t4iNo1V2ap,y20FcXCbe7,CocPpLWii8,C0eeSp1Lua
To3Ga9Rlok,jdBzACfvAi,wi0J89lPtG,LwmQuGDC28
PQ56gRdEgL,SmKSTFlnU6,ySWnApmSRa,PHaXs2Gb3z
Th4GeEiMC6,H7qyxWuZ1U,yXaEMm2uEh,ZCizvz46Pd
1JMDNhvOWU,EnRgroyByA,nXGTpOdK7m,M5rG9421kp
hjYV7s3qwy,0fu9HIW3HV,Bj2MOQwrz1,kP6Er1TcsU
73r0Wy5hMg,Gsd0y1kRQR,xIb1eyKjXn,a6qj8qXSvh
uDySGhenRh,8tI7KlGtBc,iLPJ62nHDd,XCXdp8sNL8
gPxbtwjZw5,7AWVaaPLKu,Z5z8IbReD5,KGX1uWmwc9
Zl4brZNRbQ,ToyUSXRUSr,qdR6D9WJXy,qfHAj9m8R9
miRzGTKgag,imLtgDrjwx,ovLBfWJGN2,XiRL3v3EeC
SZc8MxWdbp,w2IVxlVeSZ,9IKyDT0Hgq,qQamXXDmTt
z7JulYDa3n,qTW6wL7KjY,MHmaCo2ZkO,5RSwqMi6eO
9eriRH0dLa,WGt15bqL59,lFVusSc7Dt,X32NPNIt5T
2NSTfhbj9z,OjQWJIwTz9,fvuLujydSb,77wvYt5vKL
6DjwJbO59G,IfjJH2vePz,s30KBoQXOx,lUo19s9wSS
51aHvYIUuN,qU6LjjLBP8,GKHfzP6b9A,WiBhjATZjz
5xskBV8vTs,7Z4Ax5h10e,rFMTJLAivG,AxKx49bWFz
j7wgHXwaIQ,JWvouppatf,r0b8MCQim5,oBJpS4hW2g
sBlG1yERSn,rAGX9WlFI9,dKpqq800wc,PsiVhu8b2J
B5DawUGCvU,BllpIh5V2p,EEwjsGochN,klqbJuBfOj
t3M0cbDWM1,GsN56mzHec,OpDmtvimks,23VL0Tnzff
YJMsgbSSPy,RsJxE9sMVV,WqZQEj2gEc,wJlLyXoDb9
IBqUhbBYHs,7kswBaJDoZ,nVIeCDWfBH,X6kOa5QaJA
rwrC7JBHRA,VZ3qCvV4ut,NNSrpMad1O,twHWc7ToWS
Rjzndbwe91,j2qHGONVli,vueuSvxRPS,wlAu86M9BF
7FYKLd6hSs,aXkJ5w5OCu,EZR5ZsjI9o,Th4ulOPxM5
Od0G1MvIes,FEHmyKVWbX,Ilav3W8439,8XcoBVxt8F
D0p4skX5os,rbUl99WAzp,ZvrvwiJp4v,JNpWySygUr
OxaJIpJZiZ,jsXQj84ZnI,Uc8GJiHRyo,AYpafCQkBV
hw2ViCnVU9,1YwDDA6xnT,e9r3OxQo1i,IJhHee8Bio
0T4JJs6nd2,GZH97akgtk,7dJYHcjP5j,w2fKETYBaW
5AwckGdQ7P,RALeOs5vR5,NUEM4prTPS,U2CaAMBAvm
pR0iszO9jQ,ZrS7aNEOWA,GGeVz9hAeu,usTI9Hmx2p
fxCtY9GFdv,Ms5WF1xkS6,mPgnHnOMld,KHCMQQu1pc
IpgnG4PNVF,7xcfJxEZZm,vODx8MSBVS,UaQ9L011oP
BbkqqpKd5d,AFzB0ge4Sn,fdxYkKGsoM,1HSijUbmh3
xrnPtmIjFv,HzQCQq5f1z,IPWSEVJbYy,P7HuqF5qxm
Jx5gD2PKLD,b99BL6VZDm,Gdd7pvdte3,57A31om3sk
rFv1bjp1O2,2ldYKOpFDd,5EUCcXhtzg,GmTG1iqT4r
5mHOaismao,Gv0xxioiAw,J23ghcHAXS,UZAEIXncyD
uewpJVgc1i,nLTKjLi572,9xoaLZKcfi,eumO83EDHe
Qhrcm0DMg9,U7vY4ljzi6,pYmV31Z54t,Jsax9gOWgj
GsLRIfiasS,nr7YujpOtb,zGq7845uVj,e2K6Q06nzO
MFT0PbEBPg,I33aqXbjSZ,X7jBqpAN8R,T5ki17kTkp
XsaHBlzCA3,csIw7v91tJ,2K2uxTUXOy,CYtALVIoxI
yTNVNMEm5X,v7EdT5wLZs,PZKlLMUe4H,s3nsOjzUWB
TLy7HwdBmE,AbMx5Q76DO,bblZI6amhu,JLuQzqrs52
J55XyvCJB1,UYqT2RyvDX,IFNaKPfLxQ,uIygldGHcN
RKqKnBkHWF,ZxAH9sJxqz,QK21bzlRjE,5iHxbvz2yB
MJRP6r5S0d,iQ2sMFO4Zi,7AlAKhweZd,oVNAph0CZK
244BNOdvQW,ZTV2SYkORr,yFog8KDYSI,SOTgjBfwR3
HR3xLVhKS4,4gASqWFzdE,gLhlQjPxdg,fPZyAEaDtF
B5AN8XFSfq,OfO5y7BN7p,31LZuQlOX7,MuVnhfpo2z
LGTQI36tnE,5hvg7vKMPp,sQi6BQHfpb,QF78ls157y
HG2BOsJ44F,4NhCRgC9CZ,JNftJgLfkO,Suw6Z5NcUo
k6h9JWA18p,67NTIU4Sfy,H98pG0WbCQ,j86o1ENlox
yzO3bi0PQk,p05jtx5wg2,83MwWFdWTL,tOBUcKgEoY
W09ojNAZLa,I5fpl1LqAn,nuHIwsD5CY,g3npGoFedE
xJucx5aQf2,dg5yXYpUKi,PDI5zVbXUV,f8OTNgZHqh
OSJCsoSk6k,YYNIn8ofkq,iiWdV5VRiL,GcTacnU2et
wUejFdOf3f,v06CiUDw8o,DiblFJLNNl,1bDkWSiCSQ
z1FS99eKW7,G6F3U3BUqK,LEMQ30amdR,pBu8FGZKJW
Bpq60yH7m7,105HC4rzUR,YktQqOn99W,bRVkBEjg3S
SVTHXxVKml,NaYowd6Z85,S8Y7IXGEHN,iEjtAXiTvc
A0bSg6hZdn,fdwnhfaqFF,wf7396O4Wd,N1U6kSypkM
LOaJ8yEt6r,LGjYlTKtaW,fHxxkoS0Tl,Y7H6uRIUhR
v4ZCIfUmO3,q6ieuGaqVN,EvCniBqNxq,jAzDnIrfcy
DTFH76BepN,9DfooCH46k,aHGAWrMkAQ,NycecT3uIN
BxvnirOenO,NlKtzZxBcM,GM34wTSnSW,B97FRBa0z8
2eHwzw3GzC,AV2oY33Ftu,bFRsxHo25c,3IZ62B8USU
5rYSgnQPYq,5IqFpPTBiZ,qEXZu7cA3g,v9yfWmZBcw
z7hjkwb6dc,sM9OI7yj9L,DTpsuPa50E,l1kuVUDhv3
2Pl88ObQPM,GjtbhLLMOB,XSOfUtFrIK,W9gAmj70ox
vHVuiZXz1J,PqgGXc4qUS,Qnly0bYd9F,Qj92PhzXHC
TqUqqMo1ch,gASx9v6pie,AaiJdAWPoU,dS7dOGnjXu
MY7ylt4rJc,1CSPZkFILJ,fPAU4u8Rfm,G6rAlMnKIf
VcsV940Oai,7TawjTwPVJ,qXJiVgiaZc,5zEoJiTog0
ql62cA1mTD,XCTQ1oWQX6,HsbIOy2CXn,RVPrIuvswF
m7C9Oj8IeF,XCncuurZP1,X9OwauNtez,I2hUXvxAmz
c4PmMRTB7e,vwDhhx0ZzG,ueBGHDR3MI,vLxuSRAnpr
Ln0C2Wul4k,mdjn5bz1WV,szOGcUKEzU,toonolCkbX
mrX9onloCr,6nLMUaK6XU,nPqhYpJMLG,LX3dD7Zksn
KKJLD9CQHw,UYNKymxeEu,0phgfVmruy,Cr1cAspv3l
Xl6H0ztOyO,bsqyGGLaLF,kO20nMT3j7,CC8bq7U3JL
k3iBPVZuLW,gXB9OG6KPZ,4zodcsUCBw,9Y4ocELTem
L2ZyNJMmVp,WRC3iYjIav,uTmuXd96tX,flawbONu3Q
NPjJitdcHH,UY2WM7GDsa,ELJABCL4J7,7Fbh5haqEn
oH34waC2uE,6ictX4s1r8,3CbwyPgiCx,FonRRLynz8
hmEHaQz6Gj,zSGAmzWfYJ,ay66SOrX80,Wv8au00ZPm
XihyGeHQC3,s8A1aXXeRS,tgtPDqBQ17,WPHUl5OBFN
VCeArHBhpW,Rcfz5Tz8lU,vwlgScZ6SR,zbJItQufym
z5qVd7elZa,nL5hZtm7i9,Ri9hWVLWS3,83M0Bze2fG
SpSv7u5Eim,7kRSRjBwxl,4TKtqUDHYA,J0FvkejRO5
lkvqX7SWIG,UeycCllXh2,kHwI6bcggF,MtewzE8f6v
PRBYGeEBCo,NyDnOvcjuh,EJB4UpKQLK,bG3jNcyHC9
LnpdLIr4cW,setTZY6uFu,GQby8LF0Mb,qjh5IB2avL
ZKo7xoXQ6F,0gHyZHb5vu,j25Kxelsfc,Njicx5Hsdm
8ogN5H8ect,yBTGjYm89q,cobzPh53Ww,RJNpLC2IsG
J19GhNbAJo,tLFN43HfKr,a4pNEYvTiK,ugg4CyN7iT
5MUzyPGVxK,Htxwp9iaqP,IhldRPqxzK,lXnln5J58z
CiT7o3kMJZ,GZgtDHkMzy,Tyl1ov6x23,8RKpg9UYyN
YYzXvesGCa,D5sITlNDCS,ltiryhW7C2,OIyq52To5o
FOvvE6Y3IW,lJsBX7xcXB,jv65IqPU2Q,4X93hDxPi1
WdDKfA9U2H,fK8404P9lb,b1HBC4PW3H,uqLe5wJAmr
6NpJNLm1W7,lfkEndunQJ,ym99xHOuHW,bhbwXijxaF
aao7rf9ur6,kC7qUG4utK,gyqVhTVgFC,By4C1Rf70E
cWOzkF7mBL,DWPJq4S15G,4pYsMlhjox,3l5RtJ7Y29
FRzU4ZLjhF,1E50wlBkE3,xlC0EuTO4h,qsmh6g4nlK
g7AKMBK1dq,SZQcdzjXGy,kajjgcgPWy,sDaEgKSHu0
twOsqa6OCY,O8JQYv3lkl,UlcFN6CiuF,jbo20peND9
teDI52wvjB,y7NbycwaCZ,9LrvxH3Ut5,T2aM8s3RQd
LF68rQdt2I,GSe4Sb6UcZ,BRXIZ1o5vE,uZl6qj2U75
VYmyiQRkUz,sSXLRBzV2D,rwbz8kLoWH,spDK1jzV13
q4jL5CHIKx,FwGh1XmNDg,cgScuYK5pT,AJKTgTAQ7G
dkQ3bFPA83,eu6FU02xLe,Q9MtHarN3j,rpzvEUeqf2
5ZVq9Jzakx,isbckW0TPH,PwwsdYQ1wQ,zyR65Osn2N
vZ4vnKH0Aw,6NSnWXRnuA,qvCZdmf24L,9kilfLB1nE
i1kWYyHtdW,e1FCQtV3Lp,dXEKd7w4mA,GRJFjY04DI
C6W2874TCQ,zoyHXdHHMk,YNKpNH7wja,FYSVS4U5IN
bVbkFvgEJC,poEBh4dlmm,CZVjRFx9LH,DnxxIxymGj
pyNxKFHeCg,oucT7ZFPRW,iYDCPIyDZ8,VatZ407phH
s5fPsMggVZ,ECzGvQTYAx,AWSqBw9uig,hYxTKeqirt
LCwUrPw2RP,q1IvSlQ0Fw,wCaAxZFhmW,kakFxF3ZIr
7cciq1e3A0,5UiOdMf4rI,CZdz3woIw4,sWVsVjEAQ9
gysyxOpVHJ,8n2wzhEzV0,ULtKvVoh3G,9ENWOxG7bf
0g0kf50lrz,kdfc9NsQX5,u7N6WdFtD1,WJsmGFZEYV
xRZ30X7rVP,6yvyK2vNJV,DrKNWFcPIx,zTQ0StzuFc
cr5wQ6bddg,B8ENsJI1JN,mlMLDg4hdq,01VXaA2koR
JcmIySDNv7,5ImJeW9X8u,5MIkWAK72e,P06UEvyZuy
epRrlPNMGx,c9YkVmsIjT,YaX2lZfH1m,VznuLwNvyb
66vJivSVnl,YtMuR6DQDM,94kNck0U1p,TNwN0oGXe1
qVAEUOYesG,snXMDSc1Pm,KxzEZTL4MR,G3TkOr5eVn
neqnPoTcOk,IDISf4Pvkh,LAwPQKChzQ,8R7DDMyP3Y
604i186B37,312XEy9kMq,g6X9EBsL6k,r5hbgF4N0B
Ujyqh7Plq2,CbqXWUFd4g,jHcGGWkWB4,wdKLjy9Zko
uL4o0cF5Sn,dta5mBtcoq,s1PlW1w1jU,NBKPXQqNX3
gmE41vXNSb,tlng1QRThl,px3n51cyvJ,yhvzdfC31m
RjNpuKJKi4,B5wgquItG7,AdPN01qAX8,93lLjt1Foj
oaxMuwG4Ek,sr0jJF6bY3,FjAZeznMjb,14rZZ6tK6s
Zv4OYFPYfs,TKiRBjA0gY,az1wjckBp0,NyxQwyfWds
2rtZvLyzkc,eQGdxXrxJQ,6a3lk714bC,eQFRgsHHoM
XTRLKvob4K,LF8S1AGnsX,1diMqtRAEg,yfnYeir9E5
sjogCfXO5z,6pmJWNvOjN,VTA1sAMHlk,Thh0VeSMkC
lW3vul0N64,CPWhOEWoVs,XNnM1T1T3i,EKAKxwUwZY
6cixXdGEJS,1HyB2a6inN,pOV6zDas6k,tQ4DQn9j5T
XtsmGFdJRG,RlRCulMaEx,a20rA65zc3,8ztj3jrs5l
eAx3Y04Ili,y6yR9fVuR5,LsuWNhgZIZ,ZHWqIiAfhA
qY3P7jhbyr,xZJwy7tblw,sQFcT9dolk,EwRc15CaBP
SyneXa4LTV,tSqPwCCpcj,ECrrePHKmd,DJdTkKbSBm
Jxhp05MqZq,rY9Y9wZb3a,EaHURQJgSP,tfvVUFXeqT
OqKdoWV3ix,LTOnVCVWUd,SIakho3k62,FCHkrwnILR
rzCc60PFBM,YRFZhoeGMN,cBhhqFrQ9w,lq5cUK0S4W
HGJgQoyKq0,MKrQQ2eSgB,Dk8XguhneJ,OoXo11Le4y
bO7wayLWDq,uf13mZDEju,zPF3Dc77FK,XN8DfOkEPV
QzXsCYknAO,iycfvQi0Ne,j7hxppj6u1,ij9TuZkMzc
axumBfQB0t,BJSV3tyO5z,RBTWpnIGSR,Pns06Ga9Fd
RrjFFIlb1X,7hg74zUy1s,HWrmoXxfZB,xqmCieFkz5
f2L8NO3MbD,dMTs9QkBQ7,yezrqwLTfn,mYGTFWgBAv
F4VVQO4JHK,IfiSFUcP0Z,wNRtVb69nl,670SYLC7bH
ilHh4X8dgt,WwfUpKHt31,mShw8k7UUo,NOd3pf5ysE
3jgxlhhvTy,WaWMP8cXSG,h2APizfpgp,Mmb3ziwFyO
qNp7Ivg1eM,wKKrzuHLSG,zxVHj2kpvu,AledQ2L7zZ
biqNhdW0ul,U1pyF4NLEd,d3VBpf1T7v,2oeU1wDP3N
NadKVGT11U,3faOpr4kIv,m3KsvVBTIa,PxXjOzGEhI
DXwlFciOVa,dQW96RvHyK,v5FeY2MZxW,LT61j2vQCP
3TJclYKfJ3,eJSd2uFnzZ,TprZV1ZCPr,ZjTkGD2yiG
HVGUsfAlu4,waNx36Q2Pr,Lhuq1RjnWq,MQlb5mjqBo
R1F1Y4c1Xu,zqa26NqkqB,Dkymz6iMlx,kNVtlALElk
QgHsne7a7j,md3SIuvVGX,HAvVGPOOAP,8LfFeewOSN
5qEqJyqjtf,PQwTIZfCj4,No4sQhsUbd,PoTJPWoTT8
Qeo3jJF630,jqeIlu7gHq,6uXDoSIgIo,ThWp0idkA3
LnSiJNaGQ9,OMSi7UBkRl,gBvKj8t7dB,a5nih2JPG2
pTee2GcE17,9PCsiIhoTm,cn5kQKhMlU,pVBoFgS8tj
qzHzyQe1mF,OZFw9xlmDd,RBE6VSElro,zBhZLg8G0L
qfAg6L9jF7,TcjMzJR8mW,SCdO1JuSZu,VJ3xZb3emx
E2derV1nPa,j6npKbU15J,Gg81gduNUi,mNEMtb1HFg
DFC4sJF0sx,BkDWzasR0r,1sS8bgTXY7,8fr2W8wVAi
n0MbIrzT8C,AFlYEwkeL9,vibJxi2QgI,3F5NpLKrtl
csSuW4K3mi,MMRHuHOrsT,FI6fK6Lxe2,lW3jWQcgh4
uG0M4GL4I9,xKEWHhEeRm,DoauhmWz5e,ArVGGDR8S5
JVkJT3aPOa,Un5qHVACCL,MeBJ3gSJO5,oqP34lfAeQ
6kjdmilS4h,WdLqPElTn2,9aMSMq4TOk,tXcZ5vjiqM
IVWCug6xdJ,rDEe0ukKNM,xZ3EJgJDdm,VH6dftszav
p1SeL7AXnD,qT3LqkiGrO,aL6fY7j3jp,2aIPGUJHtK
fxMoEWnEOD,sYfkSOztbE,EUOFO0f0Nn,O9tYPBz7rL
MJgdr87NV7,hhJVGmKFGP,bIEv3gtAj0,TzpXTKJVbs
8jeD1UMce1,6OGWsNzCzB,xN8bRkyy1G,iAkOtfNxUV
NFIaxivsjx,MZHoQS6FRr,BE0tDP8zWz,JUfn8BcrpW
03eGAoyiQ6,XbPWw5x8c6,A9ZkWi5ryM,5bIAlCrSOO
3LL5rBOtNa,GJvFHOn6Vf,OeWzgTMaBL,TZAm7ngKRI
u3cYxCjQUF,IrwOcffGgO,SA9RTUIEJo,cC9iPn8epw
HX6vmAGLA5,HOcFAl2v6r,8WvISeeGPN,JZbXl8Nav7
qxkswDpPbK,8OLDnWqgcZ,1AuQETourw,VteckstZtB
0p2wkPhTHl,T9rNR7h1mc,94rM8gX3QH,upkHwG0gte
FnRgjbZqzy,kHmtnrJ1Ky,TQSDAgvuDx,rIREXLvBEj
ML4KT5G721,3WFn3Ccai8,3BzYvbgfs7,ztss7Cte6k
g3IAnQvNpt,TrQ3EpZ8pV,kvvc3N1K5Q,hgD8SQ0gfz
w6XwNKCq5N,9h62uMvHJf,eTUkFEJpN7,ct6VOIfPhB
LZItijuWOy,3DhfQKmuwN,9yfS7HcPK1,dTaBxo1R1x
SFusnLwbAr,Y6wnF9V5OU,E3sbedHeHn,6lLtvnaVLn
sXfrZNXwKC,L8FrL3aGf0,J1E7pLpECC,3HJZ3Ji9nQ
oWGrwKnUl9,vjLcE1VN9X,qHgQygUD07,n6EC85aMlz
4hN5RyblO2,jQSRY0iXFN,XN1rvScvvY,K8C34UZpdS
B0PdXL1Xsv,3YTEBC9zn2,3wrrbZKqbZ,WqAuHnCUDU
vocJBqOsvf,tCRFZdkWWp,tXZdEiaanh,HaA2BK3VHX
6PXQmdY5DW,2OKAMGBS01,Pjb97DWIlW,yHUQEOK3GX
OaCDsBRrmf,gliCphv8eK,RDC0Zfp7N7,a4UVGylIbs
D7hxtI1lYD,3tFtnuNGX2,d358apbFpS,L9jXhYJMIv
xkjvZxiLLD,2Eozf3e2Bn,nDr47wmavu,qKPvPE6o2W
kannsQikbf,cXSJSlYBWp,9CAmFFtnj3,i5JNr7zVHI
zLPJSVfscI,2vQ5k6qIPE,hAkviPxzLZ,baIkUaLDN3
vMyfZAZMZR,GziaorQFHG,mFsYDhyenX,3NFhnyXg03
EKLnV1lkVu,nTZFX2zuSH,ig5B1P0iCF,i0EALJ8f5X
esQonE3449,nnkvzK6d02,7Di8UXss30,w6Szzqd50B
FD2SPut9bW,bd7HSdAiIq,YNz3UorOcU,JrcJQb9Y9L
OZpkAWNTDv,XBVhAr6xYA,4NE8ixXUVD,81Gc4NDHqF
CR1ImwG5y5,DhXeWOX884,SYnOVo1WMn,zjaLsriwQr
Km8xmAJS5o,aXArwrCdi4,Bf8w1UkirR,xX30O7j9qC
xe3JrVgHKn,LFrzWyRWLl,2w8PIZPFHl,efxrlWzTpE
Lig0aQQBvr,GrWwMY52iR,HisYiYG6kn,BQ8vIl25je
6b8lxwTz3K,SBlJ7x1LHH,uAe3NHUFUf,BQIm5h6Gi3
RmjJI5WWRu,hxuOHZv2XR,xN3PYKrrko,kHoDdYxjlt
oHm2siIhM5,x4hBfrNUcX,joCLD1jUYI,3pYKiOWVpV
msxtcRVyt8,pQCNSyOGH2,6o8Xr6HUjd,CB0AvdVERJ
IzYPRoOLfa,xuY5BEXSub,NFbEsMP45o,6EIspxAtLW
8wcScR8c99,dAMTgHdnMy,HHdQBSRgjZ,VR0HM4dbiC
vRKIHtDWju,IuK3JCKNTT,dlQH4wN84w,FoRlmC3Kup
s7wtnQNAOK,wQVRwIbcob,TfjdeyNqOS,l4LuHOcJVI
rFHWBzotet,ZwvJ6XEfD8,g4vqvHD0T7,Wjl0FOarrC
lH644rMrtg,xXNfVkSjf8,8nb3EHOXrr,RWpttO51eq
ClmHLpSkgV,GFGq713BDU,Y5mLREHyhA,NIacgG5tq3
UwLnlzZPri,sBpwCetx7Y,l9VBQfokDy,Kgbpqvsufh
HAFCW3GmK3,RYq34R0PvC,yeaWta4TAm,mVecG0bhYD
rgYHw1Yav5,KR1bx0w8Y5,ed2g0hessO,dgLBpB9knd
WfRGTXXIyq,Jhtg9LI6rP,tGAC1QgAKZ,hYUmsLKFSO
Lql3UZvhre,vLBt9RECul,Bdd3iHzArt,F34jQXl7po
d6IgPOtfT1,9BuB4Qtfqe,vNlcTGv1rT,teJkLdF7DF
C7wCCKw1rY,t042vHj5ix,oS99Bcge3a,KfKOHc7iCP
Y9WZF5Puh5,jqIExjG3Wm,ynLu8W64tD,MlmjJby3hf
izYjGCNkE4,qRzRKcWpsI,gLezhx6NrG,acRbFFpFXW
KUYR9AEf8z,SS6PYafVX6,XqURDX6f9J,TCNKRgbxma
r9M4sOqd5P,wnOsyGpUNz,8EPUavFnqi,fo9NoYqqnu
fnDTh7Gdju,wroLrfkfDS,O0IrpNROCU,gY7VWLasCP
6AJARogugL,qoMbqdKfpF,oRHWv4LfvE,PabJHLJIDe
61midHFun8,SKQkq8oPyr,XW7CsXbHI0,UHDSkotCvk
nik8ae4vRZ,JjHcmLWnpg,dxdkuNdSjF,BNL5qDG1Wi
WpdPDNiysm,5DxIhuW92U,Fh7xAGDOZm,PtuJ8KMNZ4
hMlcSQmHob,BlZvMA475J,c2u7w3sEec,lH4V91hMzO
cyfQ7F3yhH,9u9i5hU3Zw,RLhBGEo2yg,9cJhWLLkSs
PaDbGN2IR0,v2mxMNO1s8,HIti7Bo8NE,zqXaEbWciZ
Ck2EnEZLKz,Z0HURTP5bx,ewbUENAxP2,ODkKT6TWPM
OZPi9X54nC,RJMRy22bon,mRg0ghSTdz,AqdU96fFwj
KBkwGNugCV,PPWM1U2Mn0,H4w5Qaxkfd,Uym8M7gDcP
wlUoFd0k2v,DEjhOrVkpf,cMAJqB3tQD,oHX3DIJKIk
Nl4hqKBlyc,4dYcxK5jxj,1ueWQ3b2qe,f4mUmjG0zn
IQZDRPNmPe,uqG0s1K0AR,mdmpAuxrMp,T7VLik45oZ
mkLGNZlkbV,ffrJOJAue3,5Xwkqxv8Oq,eyYtR9gCZm
ZZw9Fi4Uve,13hbLfIq9P,EQCiE5eOmL,68kCkBMuI7
Xa7EPAojug,58SS8yfN7U,0cnbpKowPr,zWfGZtexRH
UmDNG5YwcL,G9VI5ZopPi,8W3ZmXUzFp,PtUxJ0aowi
FNrkp0hihz,GTtjyfw8Sq,daEkvg5IX4,fjAaodHju5
mw7H0GwfWo,oyaNIGBLDy,cxR4lA9Hue,Cw0Iv3GIqR
JMBTVewoR1,1Tm5mc0bHD,PSyUBkxxST,L9IId2yqgD
CgLkGzwXyN,7NArVM7CCe,JSR6UYXWFp,5iTKS4QrlI
i8jydagATC,sCz3JYCK9F,mF5AkOPr7L,MF79aYvSU5
kxfiqzsJmr,s8DbjXw5NQ,B0BAOUDiLp,wzamd4zNSO
3VaMkpDbij,LHaAyc0lfg,YaHYbP9vrO,rixhXZWy0r
3kHwzOUHvc,cZ1kc4v0nC,8M2Db3PLAH,wY60EpoJck
7BPzfF3mgn,9QFOzAJRfZ,tNy6etFKlb,rFmVPIKke8
xNU1eD60uu,YeuMraLnSx,W4h0BS0Zr2,4dwkkRrqNJ
h7A1hBYX5k,HA5X9LJzFQ,2EBLW52kEv,T1bhraJgRa
jpEsnutcom,jNFf3WUZl4,A45tzmvNhF,n0ytYqdrm7
0ox6cWLYtJ,mb76c9EWPK,6zsTxBFYTe,hFE5VCbD37
C7OjZ1ngdM,tSy2NuDT0X,c4bZf1jjRK,lEZCmkWTan
MBvVluA0ag,Q8LlMyJ3jh,OxieGMIMxK,BRCfYt19rm
LsPQxP4jnZ,Hasows1g2m,1IPizodgwL,hsHVEv5sGC
GGyP3wC4Wq,IthY2OMEbp,SomaGJsNYS,KlWhWejMDQ
sa3XWuVQgd,ko2rCUkjJx,rqZVt7eufz,90UwtHRQNM
gChJnWOf0F,ejCx4JjXt4,ZSpzFuGK6S,WPQ3XCxBIo
kR1oM6a9HC,nhJ8sDeFy5,zPmpx9LfBz,tKJCz95P7F
sfb2xQ9r4L,mWVCQWxAeH,H5t9sYK69A,y4xhzfrB8c
5hqa6seMV1,pAPIbMOPDw,cfApLL6Agn,Vn7XyPk1R9
Gqx4HcleGV,tdg9ImpufA,I9rKTcT5cP,LkCXW8p5FI
Zx9BUhYWl2,owbzGFH72P,aw7ISJn0VE,hX8WpSorYe
e96D7yRsU5,rcQQQEdPOm,Si9PYnBq4j,xINGx9ezuc
XMy3chJ508,JeGrFkl7Ju,nArFz62izc,enMun4Q2C0
6kQqa0USwO,n3qoTGmA1M,ufEuq2qEq8,fX5knwnFBA
IY7X3cxYom,pOQ7WYaQGF,7fTntdOIYg,xSK4U65pRG
jss2nnEVX5,QC3nqGwRgP,SvQTuQMMit,7WmjahklRn
fHuHs95KQo,Pxqjn3qjzE,SaMll7ZmzK,dbssRAQxXK
RcmydD31Cr,mpkigEj0V8,v0VL3boPBl,J0ZPYohDR3
n7Em9kDa5F,vhM46XbZ44,61Z3YdTP3l,nc06i0wx0T
PiKpWm8dIF,6EcEmDZalW,iZPgXf9KB8,2flUeIfcmz
CXvEeyPMCy,yDdwDj1Z84,jT1lEtUgCO,vJgN05iaqL
lKCpgW9sBK,LweHvmLw8Q,uowruiLxKs,jC1iGscggx
bC2IyHNciS,WvAZbArw7D,0rTZ1FNNbr,3NAex9S1j7
7LnCST7AwX,fOegnuElbH,q7CS68iaeX,j1shaAECuO
3eix9jnEhJ,RKQJ5jEBXD,DY45Rn4mz8,2K4XRy8xdq
hpyClrBHDQ,0qwLVQvshC,pLscS5JhZk,GIII9cKssC
AKfUoTqrDr,z3ReUkrceU,UY6DgnfRRp,s1znWUqGwB
ucUK8tYiSL,a0Bst3vFv5,DppJBccZo8,Ep51qGKrLS
alsBMRux2E,MOoy9op7Sh,FycqYrXa1z,vAa63mFA3K
XiwZuMx0vB,fVF5sSGMgN,uxr5GGl7e2,RT92mEtE8v
Ny3MJkhiFK,hLjxj2G3iL,hq9zQq9iT9,DldrCvknHN
wNrKw1Fjzt,GKW3QoOPA6,9k7Wq1ddrV,8R1GqYjzU9
1TDvRlEq3W,GtekMyxeuJ,hiLFwPJcwW,kJe6iz4ncs
sqvSfaEHnh,uiOKdq5Qcb,vWSzqVr0ft,IZg01UwIbm
YNlfijpV4V,8x4hN51Mzj,OBDAslQw0T,zUnwvqQRbj
kIy3YtcjRk,DRo46SjvA7,uuWJ2ISzKI,l4p636x6qn
RFyDTcrKQZ,QW6KJmnZj7,Yz05nVJFsv,s9nHE6NBrZ
hKcehNplYB,k0ZotC04bQ,FZfkSpvc2q,f4hLeEC5YF
P9wB0EC8Qx,fJPyfzFuGT,lcAz3Of4rf,tkjLLGAuXI
oPJx8rZqRj,ogBXBlnjHb,kpILNzdFZc,aRaa04UfI3
YJlwPH76Rx,p44IDcamQh,MelFLUs3Bt,G7oIw39f9D
krHTrPbyfo,yhMWJbhQvs,ofToZYKBlc,3ew61u5uLu
fD4lvCJSfl,FZDiv97ea5,kiibeiZstJ,t0TIdzlkAh
Ce89vKoWTO,nRRcqADbQ8,o2DyThy4kc,rRBhkpXmN9
RPiWXw7pWv,i21F9rcwBq,dItDtGYxzN,fZ7NNSuBBh
2LYH6BxG82,L6bmnGNmg8,Q7ivUssRqc,ACb8MhlNCt
z8iQrxHorg,bGFg7zHCFv,yiFdPe8RO3,VeP16xzyuj
5sunpz4Jh4,HIk4wlJbbY,u3PEW7KDy3,CbTeWU5ZKa
me2Jlgocvn,HLHpDtVgK5,Jg9wIko9jG,QElZyqUeTj
t5IEiIfuEb,azLkucZlVU,V2Vjbfgmvl,kB2AHeDg1A
TdIzD4p4vO,TKgcnBWAgg,HZr2P9orc9,aXHnnw9nu2
vMssvt0b1S,RA17YOynxj,m8kCmOCqny,gQvEUKsETq
i4P3xRiYbo,xd2ICZNXe9,qbAX5ISAqd,aeg8v7czTJ
ISOzmkqIuq,q5nmfDYA80,4yMQUd3dkp,Z97YXEW5qe
hnDUtafIjy,NZnsAJo06M,0pFrMvzGXl,5oV3Z8tFkj
WcGRHXyjIl,0zlgZjNSGs,QqNya9gCtI,WnbeKL6oEM
z2qDaWF1UF,HGRW1AtnT4,JSOvkvlBy9,Vmb1RtQu9o
FV4YkXVLa1,E4nJJcXxNj,NuLTRMay3w,DnhoLTT1HT
qpP3rFILfG,NWSHShTMy6,DuEanNkcMZ,e38UkukshJ
JdRsCNkkpJ,cKFDkq4USL,2C4PSdqZuq,kIsBtAxoxu
Y5Cc7cj1p1,UU0elfC6xn,4UsNqgrj2X,ykboPCKKKZ
67iy77D5In,tbjNVxxxTP,kFAJpSgMj2,UlnZLWPvQ4
IPIoLfyBW1,ZgJ2xZ9gNS,kVWUVW7JKg,uh4DxdQXy0
0U09wXh6K8,HSLmYPrYoH,J07MHcqRQu,KOTNRW80ns
AMw8SQeZ5z,sxDZq6IenU,44kpU5d3AF,W8Op2vSydO
4Esinjp2gl,qbytUcH9Lu,6oDtZIdRBT,ONuq9sWTcX
rLJiTF9USg,uv6Fe6qlZz,ctv2GEYHgu,nF3hHmfYEl
5v4H4ideZN,VZy1wigWTC,qaetYdLmje,JMOvx8i9G9
2uuQR0qyiz,WbzF8hCCHu,Q9enwLPAiQ,armGUQIxwk
eVe968mQXs,SxSNHRd2p9,JlyYgfdcDT,K8gde4w52Y
oluGdv6FdH,El6KcLhoJD,BSADrwJs7E,bE5DC0Gdix
aUHXy8Q6ds,AobGSItGTR,MYfbLUQQMc,jgztDlqz0j
IXmVJRVL8f,ZYzqOktqdT,McTOZoU0Dn,ExvLnsNkpq
yLzHezE3tr,EeyN2eoITn,NWMN0f4XE8,Uofw5sZGr1
QmHormCcjZ,PGtJ8iLtw1,zQ4HPvoSFJ,qLavwtJBFS
vpF1x27oXW,Jd2iy1uqD1,cbMQRcmtpo,Q7y3jsv1mP
AcmhLrN4nw,7GUVXIUodV,IzOwoZvhP9,ZEcvkpv1tU
7JFmywzM4R,SrBTckL50y,aDC5jDfSti,Pvjq01Wx7q
6NSjtlpDsF,hYw8o8iUfv,odHbGTzQt5,qD18z3BluJ
BnPXLahxYS,Cj6HuSvy9H,8HlALkE16P,PMeFYwTM40
boNxM6vQqg,P046nKTDcw,bzQYTKRPFs,eWMNAh0uPR
EYMAGcEQOM,r6PnvQSBJi,K3kDXY60Us,bMCx4zl3Jt
wkJzGjRXRL,RlTO1yi5k4,6TvKVTi7T4,Jw8RZS2tlA
AMkONPPo0B,j86fnxMkqg,skOxMcH83X,CZCjTY5Y3r
SNVDvvB9IX,ngTIqWvoaw,2ybDeGVmx7,cnUkPftS8Q
5htKwDlsRE,BMt323IdcL,bgBPrEAq7r,xT3URC5F3V
Mb5pwfTjrT,eAWHbaHdkf,Xnsbzr2uTN,zuDlt6tRSD
